GivenName,MiddleInitial,Surname,Title,Age,Kilograms,Centimeters
Sandra,M,Murdock,Ms.,58,70.6,162
Shalon,G,Castillo,Ms.,46,87.1,173
Marc,V,Patterson,Mr.,60,63.6,174
Bobby,C,Wells,Mr.,20,57.6,189
Jason,P,Gibbs,Mr.,58,87.8,168
Paul,C,Woods,Mr.,71,67.3,173
James,R,Brown,Mr.,29,82.6,168
Robert,M,Fox,Mr.,44,83.0,171
John,L,Lawson,Mr.,20,98.0,188
Israel,D,Feder,Mr.,76,86.9,162
David,M,Huey,Mr.,64,66.1,168
Caitlin,C,Yates,Ms.,47,51.1,157
Shane,A,Davis,Mr.,40,103.0,185
Joyce,W,Miles,Mrs.,24,76.6,156
Carl,E,Elder,Mr.,42,64.5,184
Jake,R,Evans,Mr.,42,72.1,170
Peggy,N,Bowman,Mrs.,58,64.6,156
Lillian,W,Reaves,Ms.,79,87.4,168
Hettie,O,Davis,Mrs.,54,94.7,170
Kevin,M,Fenske,Mr.,61,107.6,176
Manuel,B,Miller,Mr.,71,79.3,165
Adam,N,Bower,Mr.,66,74.9,166
Lisa,J,Gregory,Mrs.,24,46.1,158
Lauren,A,Sanders,Mrs.,74,58.3,159
Allan,R,Brown,Mr.,64,94.3,167
Elsie,P,Volk,Ms.,26,101.4,161
Cynthia,J,Wilkes,Ms.,57,84.3,169
Marlen,R,Spillane,Ms.,57,85.5,163
Rudy,A,Walters,Mr.,26,63.1,169
Tom,M,Romriell,Mr.,27,79.6,186
Diane,D,Moore,Mrs.,54,51.7,157
Donnie,K,Clark,Mr.,59,72.1,181
Michael,B,Borton,Mr.,76,71.7,173
David,D,Rocha,Mr.,75,62.1,180
John,M,Lowe,Mr.,84,99.1,179
Mary,D,Paulson,Mrs.,50,103.6,163
Gino,C,Anderson,Mr.,36,99.6,181
Jacqueline,L,Michel,Mrs.,51,67.5,160
Jennifer,M,Jackson,Mrs.,60,83.4,166
Delores,D,Oddo,Mrs.,51,99.5,166
Phillip,S,Duenas,Mr.,82,84.4,166
Rosa,R,Murray,Ms.,64,59.5,167
Robert,M,Villalon,Mr.,69,109.0,171
Robert,S,Rigsby,Mr.,68,76.3,177
Jason,M,Bernstein,Mr.,51,93.2,186
Savannah,J,Decarlo,Mrs.,35,98.8,174
Cora,J,Simmons,Dr.,75,99.8,169
Billy,M,Haines,Dr.,80,102.8,162
Dawn,D,Sines,Ms.,71,51.7,152
Allison,T,Klein,Mrs.,69,76.6,160
Randy,C,Johnson,Mr.,28,77.5,182
Jean,L,Gonzales,Ms.,35,62.0,162
Stewart,T,Railsback,Mr.,68,65.3,172
Dawn,G,Berkowitz,Ms.,56,95.6,155
Victoria,J,Harrison,Ms.,56,76.7,152
Daniel,J,Ayers,Mr.,61,72.1,184
Leonarda,W,Rincon,Ms.,45,97.9,167
Jamie,W,Wells,Mr.,81,84.5,172
Larry,T,Bautista,Mr.,66,95.9,166
Alice,J,Yim,Ms.,42,61.4,165
Gene,B,Gonzales,Mr.,69,109.2,177
Mary,S,Springer,Mrs.,61,69.6,161
Cody,C,Robinson,Mr.,59,79.6,169
Howard,C,Burden,Dr.,22,93.8,185
Mina,C,Timmerman,Ms.,19,76.2,155
Ernest,M,Ritter,Mr.,45,112.6,187
Thomas,K,Bruner,Mr.,71,76.6,166
Norma,J,Vitale,Ms.,78,103.3,150
David,P,Vincent,Mr.,51,71.4,188
Madeline,S,Solomon,Mrs.,72,72.3,153
Glenn,G,Metz,Mr.,65,94.7,175
Dana,K,Kimbrough,Mrs.,21,75.9,156
Palmira,R,Barrios,Mrs.,71,55.0,169
Kenneth,A,Parker,Mr.,67,64.0,164
Dorothy,B,Leite,Ms.,58,84.0,154
Jacqueline,E,Bull,Ms.,32,54.8,164
Lucy,D,Korte,Mrs.,36,69.7,156
Raymond,S,Pointer,Mr.,28,61.2,183
Maura,C,Callahan,Ms.,39,79.0,175
Susan,M,Ray,Mrs.,48,84.6,153
Jeffery,M,Green,Mr.,53,88.9,173
Saundra,J,Navas,Mrs.,50,70.0,163
Frank,C,Carter,Mr.,26,95.4,172
Jeffrey,T,Stark,Mr.,48,80.9,180
Christopher,F,Schaper,Mr.,63,109.5,166
Mark,M,Follansbee,Mr.,44,96.0,181
Gerald,K,Martinez,Mr.,44,99.4,170
Herbert,S,Crafton,Dr.,82,79.0,172
Mary,R,Walter,Ms.,77,63.1,153
Gary,J,Jimenez,Mr.,66,107.8,176
Amy,K,Hammack,Mrs.,54,67.0,165
Stephanie,S,Burns,Mrs.,56,84.8,160
Darryl,S,Campos,Mr.,75,83.0,181
Robert,M,Vasquez,Mr.,38,77.0,184
David,L,Ball,Mr.,80,102.1,181
Sharon,L,McClellan,Mrs.,21,69.0,161
Federico,B,Ikeda,Mr.,54,101.5,185
Julia,W,Black,Mrs.,19,88.2,167
Lisa,J,Glenn,Ms.,44,74.3,154
Renee,D,Lainez,Mrs.,21,97.6,163
Clara,E,Stewart,Ms.,37,86.2,159
Mary,R,Rodriguez,Ms.,25,47.6,159
Mike,B,Rouleau,Mr.,80,65.2,163
Sarah,W,Kelly,Mrs.,83,66.3,167
Barbara,M,Guzman,Ms.,27,81.8,167
Greg,C,Orellana,Mr.,54,95.0,167
Tara,V,Kyle,Mrs.,69,51.9,159
Ruthie,L,Rothstein,Ms.,47,91.9,153
Yolanda,J,Boudreaux,Ms.,43,62.4,162
Ian,T,Smith,Mr.,32,110.8,174
David,K,Turner,Mr.,26,108.8,178
Jonathon,K,Johnson,Mr.,55,94.0,185
Jorge,E,Welborn,Mr.,69,75.0,164
Richard,C,Overton,Mr.,73,100.2,175
James,J,Russo,Mr.,30,106.5,184
Maureen,E,Moore,Ms.,58,75.4,171
Judy,C,Harris,Mrs.,78,79.6,151
Coy,E,Conklin,Mr.,70,70.2,173
Anna,J,Gray,Mrs.,60,87.3,163
Joshua,S,Sherrod,Mr.,70,91.2,174
Elizabeth,M,Bauer,Mrs.,73,91.8,162
Rogelio,A,Shaffer,Mr.,57,63.7,182
Lester,S,Goodnight,Mr.,52,84.1,174
Edward,R,Moore,Mr.,56,105.1,167
John,R,Fritts,Mr.,33,111.4,170
Alicia,J,Pittman,Ms.,26,75.4,172
Shannon,R,Aviles,Mrs.,84,50.0,155
James,M,Chase,Mr.,23,97.8,176
Bertha,J,Brinkerhoff,Ms.,59,78.7,170
William,A,Reed,Mr.,65,67.7,170
William,S,McEntire,Mr.,85,94.0,177
Frank,M,Block,Mr.,44,104.8,172
Robert,J,Davis,Mr.,41,102.7,177
Juanita,K,Richardson,Mrs.,69,90.2,157
Matthew,L,Scott,Mr.,34,71.9,183
Johnny,E,Carlin,Mr.,57,77.3,173
Christina,G,Pendergraft,Mrs.,68,73.9,171
Phyllis,E,Rogers,Mrs.,70,92.4,158
Jerry,M,Carver,Mr.,24,87.0,186
David,L,Deloach,Mr.,63,71.1,168
Christine,J,Meyer,Ms.,58,66.8,167
Krysta,D,Massey,Mrs.,79,106.4,166
Laura,D,Wesley,Dr.,79,94.4,168
Theresa,S,Barnett,Mrs.,46,72.3,174
Joanne,P,Gutierrez,Mrs.,77,84.4,160
Jennifer,J,Austin,Dr.,75,98.4,155
Russell,B,Wilson,Mr.,81,97.4,168
Teresa,E,Perry,Mrs.,27,87.8,170
James,H,Wilson,Mr.,48,84.5,182
Donald,D,Guillory,Mr.,65,78.9,171
Richard,S,Leatherwood,Mr.,49,82.8,169
Patricia,T,Govea,Ms.,65,80.9,161
Bridget,J,Watkins,Mrs.,45,56.8,163
Von,L,Davis,Mr.,28,87.2,179
John,C,Greene,Mr.,27,64.2,183
Clara,J,Hill,Mrs.,48,77.4,164
Harriet,J,Ely,Mrs.,65,51.8,155
Dennis,C,Leach,Mr.,26,92.9,173
Howard,J,Heldt,Mr.,52,86.6,182
Juliana,E,Baca,Ms.,33,63.9,156
Nicole,J,Gamboa,Ms.,47,97.7,157
Gerard,A,Starks,Mr.,29,78.5,174
Kara,C,Moss,Mrs.,23,89.4,164
Holly,H,Franz,Ms.,44,57.8,163
Todd,T,Bearden,Mr.,23,87.0,175
Michele,I,Allen,Ms.,65,51.5,157
Ernest,E,Perkins,Mr.,56,75.2,166
Agnes,S,Furtado,Mrs.,74,55.0,160
Judith,N,Donner,Ms.,21,97.6,173
Arthur,V,Brett,Mr.,47,112.4,183
Gladys,A,Smith,Ms.,36,91.8,169
Dean,P,Bowen,Mr.,74,66.4,163
Patricia,S,Cunningham,Ms.,27,92.4,156
Gregory,P,Waddell,Dr.,56,87.9,182
Brian,D,Yee,Mr.,19,68.4,171
Christopher,J,Madrigal,Mr.,24,73.9,183
Eddie,C,Hodge,Mr.,80,85.7,178
Sharon,A,Yamamoto,Mrs.,37,73.8,156
Amy,M,Barton,Mrs.,55,86.4,170
Matthew,D,Pierson,Mr.,34,73.5,170
Megan,L,Ruby,Ms.,49,79.2,174
Betty,D,Hernandez,Mrs.,73,59.8,153
Michael,A,Wagner,Mr.,80,79.8,177
Don,C,Thorp,Mr.,38,66.0,176
Nicholas,D,Coston,Mr.,57,84.9,178
John,M,Vincent,Mr.,74,86.0,173
Roosevelt,L,Welsh,Mr.,56,77.2,180
Paula,N,Beasley,Dr.,42,102.1,168
Truman,A,Golden,Dr.,48,100.9,172
Booker,T,Carson,Mr.,29,93.7,168
Darlene,J,Gleason,Ms.,26,66.9,161
Vincent,D,Wiggins,Mr.,42,98.3,167
Catherine,E,Ramos,Ms.,48,67.0,164
Lori,R,Erickson,Mrs.,51,90.6,158
Ana,J,Franklin,Ms.,26,93.9,163
Mary,J,Hux,Ms.,85,59.6,161
Brendan,K,Reed,Mr.,74,98.2,181
Brian,S,Twitty,Mr.,41,106.4,176
Jesus,L,Stewart,Mr.,62,87.9,180
Jill,D,Langley,Ms.,41,82.1,171
Julie,J,Jones,Ms.,46,67.8,174
Joyce,R,Fuller,Ms.,37,62.4,163
Christopher,M,Davis,Mr.,56,71.1,182
Javier,N,Costello,Mr.,74,60.5,177
Jennifer,J,Mayer,Dr.,42,70.4,154
Donnie,T,McDaniel,Mr.,52,115.9,166
Junita,B,Crawford,Ms.,32,89.5,163
Michael,M,Fitzgerald,Mr.,62,71.2,175
Ralph,M,Jackson,Mr.,45,97.9,187
Maria,T,Wright,Mrs.,25,77.0,163
Thomas,E,Garcia,Mr.,26,93.1,185
Marlene,C,Romans,Ms.,70,98.4,161
Thomas,S,Carter,Mr.,27,105.0,173
James,H,Calloway,Mr.,57,84.6,171
Johnny,B,Crabtree,Mr.,49,89.8,180
Dominic,J,Gilmore,Mr.,22,58.3,187
Diane,B,Broussard,Ms.,54,87.2,164
Scott,K,Trent,Mr.,40,80.3,177
James,N,Wooten,Mr.,63,105.7,165
Joshua,M,Boykin,Mr.,28,89.9,186
Jean,G,Gonzalez,Ms.,61,65.0,171
Melaine,L,Neilson,Mrs.,72,95.9,169
Stanley,B,Redfield,Mr.,47,68.2,167
Danny,M,Robinson,Mr.,81,67.9,178
Kathryn,P,Estes,Ms.,36,87.0,173
Doyle,M,Warren,Mr.,37,109.7,189
Chelsea,D,Aguilera,Dr.,34,97.6,173
Patricia,D,Denny,Ms.,63,54.6,170
Frank,P,Petty,Mr.,42,115.3,175
Lilly,M,Smith,Ms.,72,96.7,166
Jason,J,Borgen,Mr.,52,66.8,168
Jonathon,V,Delvalle,Mr.,67,103.7,181
Gregory,K,Lagunas,Mr.,52,106.8,176
Travis,R,Forbes,Mr.,59,99.3,166
Harold,B,Burger,Mr.,81,98.9,168
Rosa,G,Briley,Dr.,33,68.2,170
Fannie,R,Trevino,Mrs.,26,59.0,163
Glen,M,Knouse,Mr.,28,109.4,186
Robert,R,Thompson,Mr.,26,62.4,178
Delores,H,Thomas,Mrs.,81,65.5,161
Geraldine,L,Sanchez,Ms.,69,73.5,155
Edward,M,Reinert,Mr.,72,62.5,171
Lynn,E,Beeman,Mrs.,49,83.1,162
Randy,D,Quinney,Mr.,25,63.0,172
Arthur,A,Thomas,Mr.,54,86.7,188
Kimber,M,Davis,Mrs.,30,91.1,168
Gertie,R,Strickland,Ms.,57,67.7,169
Kenneth,L,Hillard,Mr.,53,102.5,178
Jonathan,M,Pickett,Mr.,65,94.9,182
Debra,R,Hirsch,Mrs.,70,102.0,160
Robert,C,Westmoreland,Mr.,59,106.5,185
Nellie,A,Russell,Ms.,75,97.1,160
Robert,N,Samayoa,Mr.,52,65.9,180
Delores,G,Lanier,Ms.,67,93.5,153
Terry,M,Yerger,Mr.,80,98.3,163
Lindsay,L,Cassity,Ms.,45,80.0,172
Mary,H,Dowdy,Ms.,27,91.4,160
Jo,W,Arteaga,Ms.,72,50.3,165
Chris,R,Jensen,Mr.,77,85.4,163
Dana,L,Carter,Ms.,67,64.1,168
Noel,C,Labbe,Mr.,38,97.3,187
Lisa,C,Edwards,Mrs.,66,68.5,165
Harold,L,Pope,Mr.,51,90.2,166
Sarah,H,Leite,Mrs.,60,96.3,164
Aaron,L,Ferrell,Mr.,67,75.0,168
Henry,V,Wood,Mr.,42,74.0,167
Paul,E,Hobson,Mr.,50,91.9,186
Randy,F,Myron,Mr.,56,85.7,170
Anthony,R,Mims,Mr.,82,99.9,179
Vicki,J,Carney,Ms.,59,82.0,167
Wilbur,T,Gibson,Mr.,60,101.6,172
Mary,H,Bradford,Ms.,35,58.3,164
Randy,B,Morse,Mr.,77,87.6,184
Armando,S,Sullivan,Mr.,66,96.9,169
Laura,J,Low,Ms.,76,106.0,150
Brad,A,Furman,Mr.,68,87.4,175
Jenifer,H,Peterson,Ms.,19,46.9,158
Valeria,R,Hinojosa,Ms.,20,59.0,156
Charles,I,Burton,Mr.,70,68.6,165
Vanessa,K,Womack,Mrs.,59,100.9,154
Andrea,R,Clem,Mr.,54,98.2,177
David,E,White,Mr.,77,96.0,168
Paul,J,King,Mr.,83,98.6,174
Morgan,R,Strickland,Ms.,63,73.0,165
Mary,L,Grillo,Mrs.,59,92.8,156
George,M,O'Connor,Mr.,70,82.1,168
John,A,Beach,Mr.,82,59.5,179
Alexander,B,Beatty,Mr.,82,60.5,183
Gloria,C,Lawrence,Ms.,23,76.7,161
Patricia,D,Smith,Ms.,71,77.7,169
Kathleen,M,Lopez,Ms.,70,69.1,161
Judy,B,Miller,Mrs.,56,63.0,162
Derek,K,Mills,Mr.,41,81.4,170
Treena,M,Bradford,Mrs.,48,70.4,174
Quincy,M,Laflamme,Mr.,72,99.3,173
Melba,W,York,Ms.,22,76.6,163
Dennis,C,Branson,Mr.,49,93.4,171
Kelly,P,Jameson,Mrs.,23,54.6,169
Ana,M,Boyd,Ms.,78,64.7,166
Crystal,S,Calabro,Mrs.,82,65.0,160
Johnnie,D,Melvin,Mr.,27,89.5,184
Joan,F,Sharp,Ms.,70,65.2,171
Cynthia,D,Jones,Ms.,59,57.7,167
Sallie,S,Lutz,Mrs.,35,64.0,173
Susan,K,Geisler,Mrs.,80,100.0,157
Kim,D,Obando,Ms.,44,60.9,164
Jeffrey,P,Colvin,Mr.,76,64.5,179
Patsy,D,Stitt,Ms.,71,83.9,163
Calvin,J,Lee,Mr.,81,87.0,180
Daniel,D,Phillips,Mr.,46,99.4,177
Lillian,L,Mallory,Ms.,63,77.4,155
Charles,M,Samuel,Mr.,82,87.2,173
Erika,W,Hughes,Mrs.,49,101.5,164
Ralph,G,Work,Mr.,20,67.0,182
Arthur,E,Brownell,Dr.,43,98.8,187
Marcia,G,Raposa,Ms.,50,87.5,166
Mark,L,Cabral,Mr.,39,102.8,181
Michael,P,Garrison,Mr.,75,68.4,167
Pamela,R,Quick,Mrs.,19,81.9,152
Felice,L,Brown,Ms.,69,56.8,166
Matthew,J,Hetzel,Mr.,77,92.1,181
Hector,R,Nickles,Mr.,32,108.1,170
Shelia,J,Dodge,Ms.,20,87.6,155
David,L,Thomas,Mr.,39,69.9,171
Jacob,S,Salvaggio,Mr.,51,104.3,177
Maricela,M,Webb,Mrs.,85,84.1,154
Douglas,A,Montalvo,Mr.,39,103.5,172
Melvin,K,Whorton,Mr.,20,71.9,171
Jose,M,Pope,Mr.,19,75.3,183
Sean,D,Welter,Mr.,79,78.1,177
Roxanne,T,Coleman,Mrs.,46,78.2,164
Martin,T,Lynn,Mr.,52,102.4,170
Kathleen,J,Smith,Mrs.,41,50.9,170
Sally,E,Darden,Ms.,32,62.9,162
Margaret,C,Hightower,Ms.,42,89.9,159
Betty,R,Yeager,Ms.,29,89.6,162
Ernest,D,Wells,Dr.,60,69.7,178
Lynne,D,Osborne,Ms.,22,87.6,162
Maria,D,Lambert,Ms.,29,71.7,159
Samantha,J,Lee,Ms.,79,100.5,163
Simon,L,Duarte,Mr.,78,79.0,184
Lisa,S,Bowen,Ms.,37,58.7,164
Coy,E,Nichols,Mr.,80,86.7,182
Anthony,C,Weeks,Mr.,52,87.8,171
Aaron,P,Brunton,Mr.,61,89.5,179
Loyd,J,Lentz,Mr.,30,97.8,177
Robert,C,McKinney,Mr.,52,67.3,179
Derrick,H,Smith,Mr.,46,73.5,173
Richard,S,Stephens,Mr.,74,60.4,164
John,B,Taylor,Mr.,80,61.7,164
Cara,W,Scott,Ms.,60,79.6,152
David,A,Bowers,Mr.,61,96.9,173
Jonathan,N,Brown,Mr.,53,90.5,167
Steven,L,Faison,Mr.,23,78.5,187
Paula,L,Folkes,Mrs.,41,93.0,171
David,T,Garza,Mr.,29,103.1,176
Marshall,K,Robinson,Mr.,53,83.9,170
Rosa,S,Byrnes,Ms.,34,58.6,164
Jeffrey,S,Tingley,Mr.,84,67.8,164
Traci,C,Harris,Mrs.,22,79.2,174
Kimberly,R,Kear,Ms.,45,77.5,168
Merry,W,Albright,Ms.,41,53.7,159
Jeffrey,N,O'Donnell,Mr.,65,72.0,178
Joe,D,Searles,Mr.,48,101.1,185
William,M,Mitchell,Mr.,38,84.1,174
Anthony,I,Walker,Mr.,63,90.3,180
Curtis,R,Moore,Mr.,73,80.0,175
Constance,T,Lindberg,Ms.,79,101.8,165
Lucille,L,Zermeno,Ms.,55,67.6,165
Everett,E,Condon,Mr.,29,88.6,190
Rob,L,Carver,Mr.,21,99.8,171
John,D,Huntley,Mr.,68,104.5,167
Traci,O,Root,Mrs.,50,56.5,155
Merry,D,Slade,Mrs.,44,64.0,154
Brian,E,Wilkins,Mr.,44,88.0,176
Tammy,B,Maher,Mrs.,57,73.0,169
Donald,M,Garcia,Mr.,47,100.9,176
Patsy,J,Schueller,Ms.,29,49.5,165
Mary,A,Jones,Ms.,24,83.3,174
Arlene,K,Boyd,Ms.,55,90.8,174
Cathy,L,Allen,Ms.,67,53.6,159
Carol,J,Brann,Ms.,51,76.9,161
Charles,L,Dean,Mr.,23,60.4,178
Joseph,L,Davis,Mr.,69,81.8,173
Denny,J,Worley,Mr.,20,76.2,171
Rebecca,T,Harvey,Ms.,51,86.7,166
Larry,K,Jeffery,Mr.,60,78.0,174
Mildred,B,Fournier,Mrs.,48,59.1,172
Lora,M,Mayor,Mrs.,67,76.6,171
Milissa,A,Caron,Ms.,22,75.4,159
Angela,G,McCammon,Ms.,63,71.5,163
Robert,T,Mayville,Mr.,33,109.7,169
Michael,M,Mesa,Mr.,64,68.9,184
Alice,G,Brock,Mrs.,77,76.3,159
Mary,J,Johnson,Ms.,19,50.8,159
Barbara,J,Brown,Mrs.,70,57.5,166
Beverly,P,Yardley,Ms.,24,73.0,156
Roger,S,Kavanaugh,Mr.,80,88.0,168
Richard,N,Phillips,Mr.,54,98.4,178
Linda,T,Merritt,Mrs.,55,78.1,154
Joseph,R,Greene,Mr.,56,68.1,175
Freda,R,Bright,Ms.,51,63.8,167
John,T,Bell,Mr.,75,92.6,176
Sonia,E,Franklin,Mrs.,24,93.9,156
Geoffrey,A,Livingston,Mr.,41,70.6,172
Melissa,J,Tafoya,Ms.,73,59.4,159
Rosendo,V,Williams,Mr.,67,86.1,181
Josefina,P,Moody,Ms.,69,66.9,157
Wilma,J,Beauregard,Mrs.,69,72.6,166
Jeffrey,C,Newton,Mr.,53,70.7,172
Donnie,C,Hale,Mr.,57,111.0,183
Maude,C,Thomas,Ms.,69,82.6,156
Carol,T,Berkeley,Ms.,66,97.1,160
Damion,C,Poisson,Mr.,44,73.0,172
Catherine,E,England,Ms.,28,63.5,163
Andres,A,Hollingsworth,Mr.,54,79.4,181
Barbara,S,Blackwood,Mrs.,39,101.9,155
Heather,K,Gibson,Ms.,84,70.5,160
Frances,D,Clement,Ms.,71,85.4,159
Dorene,J,Caudle,Mrs.,20,53.2,160
Kelly,E,Jorgensen,Ms.,75,76.7,151
Alicia,C,Harris,Ms.,82,54.0,151
Aaron,A,Downs,Mr.,50,76.2,181
Christopher,C,Smock,Mr.,22,90.3,176
Stephen,P,Lewis,Mr.,69,85.7,184
Andrew,A,Fields,Mr.,51,87.2,166
Pat,D,Jones,Ms.,79,58.1,151
Deborah,A,Willoughby,Mrs.,35,74.7,159
Randall,D,Rogers,Mr.,62,65.9,171
Monica,D,Horton,Mrs.,58,98.3,154
Amanda,C,Rickman,Ms.,42,56.2,155
Juana,D,Smith,Dr.,78,50.2,155
Margaret,S,Derrick,Ms.,32,51.6,174
Carly,R,Blackburn,Mrs.,58,86.8,161
Norma,J,Copley,Mrs.,42,65.7,170
Britt,R,Fraser,Mr.,40,69.4,180
Charles,S,Lewis,Mr.,57,90.1,182
Dana,M,Carner,Ms.,31,83.9,163
Louise,D,Charon,Ms.,83,88.5,157
Bobbi,K,Jones,Ms.,81,68.2,163
Karen,M,Reinhardt,Ms.,47,91.2,165
Aubrey,M,Papp,Mr.,63,71.8,184
Renae,B,Nichols,Mrs.,70,80.9,171
Sherman,K,Prude,Mr.,31,112.1,183
John,Y,Sanchez,Mr.,81,77.4,170
Shelia,L,Blevins,Ms.,23,52.7,170
Nina,G,Brown,Ms.,39,74.0,156
Rachel,J,Black,Ms.,30,55.4,173
William,L,Kramer,Mr.,53,113.4,174
James,J,Thompkins,Mr.,72,74.2,165
Greta,T,Carlo,Ms.,53,100.9,167
Paulette,F,Smithey,Mrs.,46,74.5,160
Francis,M,Wells,Mr.,70,107.4,179
Justin,C,King,Mr.,52,79.0,182
Larry,K,Grise,Mr.,80,62.8,179
David,S,Jones,Mr.,76,102.3,167
Jesse,B,Cobos,Mr.,53,113.1,180
Richard,M,Graff,Mr.,72,105.8,184
Denise,B,Smith,Ms.,59,62.0,158
Michael,L,Walter,Mr.,52,102.8,178
Jose,L,Dukes,Mr.,33,79.4,177
Warren,A,Ritchie,Mr.,31,95.1,181
Russell,I,Murillo,Mr.,53,97.6,169
Betty,L,Douglas,Mrs.,66,70.3,170
Eloise,J,Galloway,Mrs.,73,55.6,155
Gordon,J,Chavez,Mr.,50,65.2,180
Jennifer,J,Banks,Ms.,24,80.0,155
William,R,Driscoll,Dr.,85,80.5,169
Bertha,J,Broussard,Mrs.,69,54.6,155
Judith,L,Miller,Mrs.,66,66.4,165
Kathryn,R,Oestreich,Ms.,70,95.5,166
Martina,A,Sims,Mrs.,49,104.6,174
Jerome,F,Talley,Mr.,22,97.9,167
Helen,J,Rooker,Mrs.,55,86.7,162
Carolyn,J,Reed,Ms.,20,70.8,160
Heather,J,Bushee,Ms.,45,55.3,164
Timothy,A,Luck,Mr.,81,72.5,180
Margaret,C,Muller,Ms.,84,92.0,164
Carlo,L,McIntyre,Mr.,57,108.6,175
Frances,T,Zander,Ms.,63,54.1,165
Joe,E,Skinner,Mr.,66,82.6,180
Norma,G,Padilla,Mrs.,65,56.0,169
Mary,J,Tyson,Mrs.,50,55.5,163
Christopher,G,Hayes,Mr.,44,105.7,170
Ashley,G,Harlan,Mrs.,81,88.9,153
Frances,D,Villacorta,Mrs.,55,74.4,158
Gabriel,W,Bueno,Mr.,58,65.2,168
Richard,J,Frederick,Mr.,59,92.3,171
Rick,R,Malcom,Mr.,65,69.0,183
Luis,E,Brown,Mr.,54,69.0,172
Edward,A,Anderson,Mr.,26,110.1,174
Virginia,M,Walker,Ms.,85,62.4,164
Joseph,C,Bone,Mr.,48,98.9,176
Leo,M,Wheeler,Mr.,63,110.0,185
Jill,J,Ibarra,Mrs.,41,67.8,155
Marcus,S,Ohare,Mr.,58,107.3,186
Anthony,M,Hileman,Mr.,42,68.1,188
Jeffery,J,Johnson,Mr.,39,73.2,179
Dorothy,W,Ellison,Ms.,56,104.3,159
Jeremy,I,Nunez,Mr.,43,77.2,189
Janice,V,Zastrow,Ms.,41,59.5,155
David,L,Howell,Mr.,58,106.2,176
Georgette,T,Tolbert,Ms.,60,69.5,166
William,M,Covington,Mr.,82,92.2,166
Clifford,G,Haines,Dr.,22,97.8,169
Karen,G,Estes,Ms.,80,78.1,167
Michael,C,Love,Mr.,70,96.6,170
Freddie,J,Brown,Ms.,44,102.1,157
Beverly,H,Abel,Ms.,44,81.1,172
Felicia,W,Baker,Mrs.,82,85.5,169
Brenda,L,West,Mrs.,66,90.5,159
John,R,McClain,Mr.,52,88.3,182
Joan,E,Jensen,Mrs.,47,95.4,156
Harriet,R,Nieves,Mrs.,79,70.4,169
Ricky,S,Williams,Mr.,52,98.5,173
Hazel,G,Tran,Ms.,77,64.1,167
Louise,E,Gagnon,Ms.,57,67.2,159
Joseph,R,Neeley,Mr.,74,67.6,184
Cleveland,A,Fowler,Mr.,85,60.2,163
Ivan,M,Stinson,Mr.,81,73.4,166
David,S,Weaver,Mr.,55,75.6,182
Don,K,Baxter,Mr.,46,87.5,175
Robert,P,Lawson,Mr.,58,103.5,178
Joel,P,Contreras,Mr.,84,86.6,169
Nicholas,C,Sheilds,Mr.,42,91.0,171
James,B,Dyer,Mr.,72,84.9,178
Naomi,R,Pina,Mrs.,74,50.6,159
John,K,Bloomer,Mr.,20,94.2,176
Rosemary,K,Bennett,Ms.,37,55.5,171
Eleanore,M,Duque,Mrs.,65,83.0,164
Thomas,C,Johnson,Mr.,58,100.4,182
Edward,C,Lanier,Mr.,84,93.3,170
Gail,R,Morris,Ms.,42,66.2,173
Robert,C,Schuster,Mr.,85,79.9,177
Clarence,D,Stanfield,Mr.,79,92.6,172
Gale,J,Russo,Ms.,69,65.1,157
Ramiro,V,Daniels,Dr.,55,89.4,182
Cody,T,Newell,Ms.,53,83.4,174
George,M,Snell,Mr.,73,92.4,175
Sam,B,Smith,Mr.,77,75.1,177
Emilia,T,Metzger,Mrs.,50,84.2,154
Sheryl,J,Neal,Ms.,28,86.1,170
Gregg,L,Reis,Mr.,53,73.7,181
Wilburn,D,Reeder,Mr.,34,104.9,176
Kristopher,M,Silva,Mr.,71,87.3,180
Heriberto,A,Edge,Mr.,81,74.0,164
Leona,E,Lowe,Ms.,19,45.5,167
Arlene,G,Bradley,Ms.,71,92.9,159
Betty,M,Jones,Mrs.,35,52.8,157
Eugene,V,Kratz,Mr.,70,70.3,178
Jodie,C,Roten,Ms.,46,65.8,155
Kevin,M,Green,Mr.,70,82.5,183
Jonnie,J,Ferguson,Mrs.,59,63.4,153
Thomas,R,Campbell,Dr.,68,76.1,176
James,V,Robinson,Mr.,55,91.8,188
Donald,L,Jones,Mr.,81,102.1,165
Jeannette,A,Spellman,Ms.,83,67.6,158
Jeanette,H,Donato,Mrs.,63,68.6,172
Mary,G,Boudreau,Mrs.,20,68.6,152
Kathryn,M,Armstrong,Mrs.,80,49.7,150
Ricky,L,Brunson,Mr.,31,111.3,176
Ty,H,Williams,Mr.,78,80.6,169
Jeremy,J,Trujillo,Mr.,52,95.9,174
Darren,S,Swanson,Mr.,69,99.2,167
Tama,P,Coleman,Ms.,74,71.8,160
Phillip,S,Kolb,Mr.,64,102.9,185
William,S,Atnip,Mr.,66,85.6,180
Valarie,L,Garcia,Mrs.,60,97.1,153
David,D,Balsamo,Mr.,72,104.2,170
Jonathan,L,Hoskins,Mr.,75,67.3,175
Tanya,R,Rice,Ms.,27,72.9,165
Jenny,V,Higgins,Ms.,36,68.2,166
Brandi,B,Hanna,Mrs.,46,91.4,156
Mary,W,Nevarez,Ms.,22,78.6,167
Claudine,S,Hoban,Ms.,82,59.5,162
Ruth,A,Griffith,Ms.,47,77.8,167
Julie,T,Geiser,Mrs.,69,82.9,170
Angela,G,Hawkins,Ms.,73,75.4,156
Robert,A,Payne,Mr.,82,88.2,181
Bobby,H,Bland,Mr.,78,68.8,169
Solomon,L,Lentz,Mr.,71,61.8,163
Jordan,I,Bumpus,Mr.,19,90.5,185
Spencer,B,Mullins,Mr.,41,97.0,169
Glenda,C,Cooper,Mrs.,62,100.9,158
Kurt,J,Robinson,Mr.,53,66.7,187
Kelly,J,Davis,Mrs.,74,95.4,158
Brenda,M,Batts,Ms.,68,65.5,157
Beverlee,J,Coleman,Mrs.,75,76.9,158
Mildred,R,Wilton,Mrs.,71,54.6,159
John,S,Hines,Mr.,24,82.5,183
Karla,J,Washington,Ms.,51,58.8,173
Ruby,S,Chatham,Mrs.,47,88.8,170
Matthew,K,White,Mr.,25,91.4,179
Maxine,F,Metzger,Mrs.,34,48.9,175
Erin,J,Seager,Ms.,60,88.2,167
Billy,P,Hynes,Mr.,42,100.3,172
Larry,C,James,Mr.,41,110.6,174
Louise,S,Cowan,Mrs.,85,65.5,157
Brandon,A,Mikesell,Mr.,75,62.3,183
Steven,G,Gutierrez,Mr.,56,98.6,170
Zachary,A,Banks,Mr.,33,108.3,188
Earle,P,Parks,Mr.,53,69.0,167
Charlette,R,Miller,Mrs.,39,76.5,168
Shirley,A,Loftin,Ms.,73,63.8,168
Monique,S,Baker,Ms.,60,65.7,160
Melissa,C,Mayfield,Mrs.,79,107.0,164
William,A,Baker,Mr.,74,67.1,172
Lina,M,Hayes,Mrs.,80,62.5,165
Troy,S,Kennison,Mr.,58,103.2,175
Garry,M,Triplett,Mr.,78,77.3,163
Connie,B,Calvin,Ms.,34,92.1,161
Lawrence,M,Hernandez,Mr.,64,102.3,185
Brian,S,Hardison,Mr.,77,63.2,173
James,T,Nunez,Mr.,70,84.8,172
John,J,Hawks,Mr.,50,69.4,174
Lauren,A,Bruton,Ms.,68,67.9,165
Rhonda,L,Venezia,Ms.,26,67.8,175
Ashley,G,May,Mr.,43,104.7,189
Eunice,D,Dale,Mrs.,38,87.3,158
Robert,T,Mace,Mr.,59,63.8,183
William,J,Connor,Mr.,44,91.8,186
Teresa,P,Clapp,Ms.,81,82.0,156
Vickie,J,McFarland,Ms.,39,59.6,171
Carlos,B,Boyer,Mr.,55,95.7,173
Harry,C,Harrison,Mr.,55,79.9,181
George,G,Butler,Mr.,62,102.6,172
Anthony,I,Weiss,Mr.,63,95.0,170
Robert,F,Alvarez,Mr.,21,104.0,174
Amy,W,Lowery,Ms.,77,68.8,155
Christine,J,Hodge,Ms.,81,84.8,162
Samuel,M,Beaulieu,Mr.,26,105.0,176
Candice,T,Draper,Ms.,72,55.8,151
Shila,M,Martin,Ms.,79,92.3,156
Terry,E,Austin,Mr.,81,97.5,168
Nadine,J,Washington,Ms.,60,70.5,160
Michael,J,Blair,Mr.,39,104.0,175
Mark,C,Fields,Mr.,41,86.6,174
Celina,A,Coble,Ms.,41,57.8,162
Karla,S,Morris,Ms.,19,74.1,163
Dorothea,J,Robinson,Mrs.,22,73.8,162
Keith,A,Jackson,Mr.,66,85.3,176
Thomas,D,Blankenship,Mr.,73,77.4,173
Vera,G,Adams,Ms.,20,62.7,151
Kathy,C,Hunsberger,Mrs.,24,67.3,160
Angelina,K,Smith,Ms.,56,56.0,156
John,P,Silverstein,Mr.,29,95.1,177
Caleb,P,Jackson,Mr.,81,59.9,162
Bernard,E,Klass,Mr.,56,107.3,173
Francisco,T,Winters,Mr.,85,60.5,179
Jesus,K,Tanner,Mr.,77,86.4,172
Shaun,N,Sears,Mr.,59,99.7,179
Colin,J,Watkins,Mr.,59,63.7,172
David,S,Ramirez,Mr.,24,102.8,178
Jessica,G,Waddington,Ms.,55,101.9,161
Alfred,E,Youngblood,Mr.,48,113.2,178
Helen,F,Lashley,Ms.,42,90.9,167
Jay,P,Nair,Mr.,39,100.6,188
Lillian,R,Eslinger,Ms.,74,59.4,169
Mary,S,Chagoya,Mrs.,39,52.6,170
Gino,T,Lemieux,Mr.,52,90.6,178
Ellen,R,Williams,Ms.,85,68.0,157
Mary,A,Green,Ms.,50,95.3,171
Kelvin,M,Newell,Mr.,71,60.6,163
Mary,P,Thomas,Ms.,72,81.1,157
Milton,L,Hardeman,Mr.,51,87.7,177
Peter,C,Kirkland,Mr.,67,92.7,174
Ines,J,Sayler,Ms.,68,75.3,153
Denise,D,Eddings,Mrs.,45,95.5,158
Sheila,C,Garrison,Ms.,28,48.7,174
Vincent,J,Moyer,Mr.,59,77.8,181
Robert,M,Fuson,Mr.,24,104.5,167
Tara,K,Austin,Mrs.,68,82.3,169
Iris,N,Armstead,Mrs.,24,78.1,166
Susan,C,Johnson,Mrs.,54,59.9,163
Michael,M,Howell,Mr.,57,91.3,180
Alexander,C,Macias,Mr.,64,93.5,184
Elisabeth,J,Costas,Ms.,44,80.5,162
Kevin,V,Miller,Mr.,34,87.5,184
Linda,J,Braden,Mrs.,59,100.8,156
Ralph,S,Cole,Mr.,80,102.7,162
Mary,W,Aponte,Mrs.,64,94.0,161
Justin,M,Chambers,Mr.,72,65.6,181
Kimberly,C,Rodriguez,Ms.,31,58.1,165
Claudia,R,Waite,Ms.,29,91.8,158
Grace,R,Berger,Ms.,20,84.0,157
Kathleen,D,Howard,Ms.,35,68.0,172
Ethel,T,Blythe,Ms.,38,99.0,170
Cecelia,J,Hurst,Ms.,24,94.1,164
Leonida,R,Summers,Mrs.,52,91.6,167
Isaac,R,Strand,Mr.,49,106.7,172
Joyce,K,Bash,Mrs.,42,54.0,164
Gillian,E,Warner,Mrs.,40,77.5,174
Armandina,J,Pennington,Mrs.,35,81.4,162
Kent,M,Cardenas,Mr.,29,97.1,186
Juanita,R,Adkins,Mrs.,40,59.9,160
Roberto,V,Crumb,Mr.,43,91.5,178
John,M,Shanks,Mr.,22,66.1,173
Jonathan,A,Fong,Mr.,65,106.9,165
Charles,S,Smith,Mr.,67,110.0,167
Annette,J,Moore,Mrs.,73,94.1,165
Lamont,R,Wright,Mr.,42,99.6,175
James,L,Smith,Mr.,44,64.8,187
Zachary,D,Goulet,Mr.,49,79.4,186
Mike,V,Willis,Dr.,61,93.4,174
Michael,M,Young,Mr.,73,73.2,179
George,B,Wiersma,Mr.,45,83.4,180
Teresa,J,Davis,Ms.,57,59.0,165
Randy,J,Phillips,Mr.,55,74.8,166
Walter,D,Hall,Mr.,28,68.3,179
Shirley,M,Pittman,Ms.,52,90.6,154
Thomas,D,Dalton,Mr.,76,73.7,181
Nicholas,K,Baca,Mr.,29,64.5,184
Theresa,G,Maldonado,Ms.,27,59.6,172
Patricia,M,Gaffney,Mrs.,76,52.1,155
Dawn,L,Czech,Mrs.,38,49.3,170
David,B,Sarmiento,Mr.,29,87.9,181
Luis,R,Napoleon,Mr.,81,97.8,172
Troy,L,White,Mr.,50,100.5,169
Esther,D,Carpenter,Mrs.,53,83.4,171
Charles,B,Wisner,Mr.,63,111.9,165
Jill,J,Ortego,Ms.,41,93.7,156
Jacqueline,R,Stratton,Mrs.,50,84.1,153
Betty,J,Gillan,Ms.,77,107.4,155
Bryan,S,Scott,Mr.,78,82.1,163
Willie,J,Ortis,Mr.,68,90.3,167
Carmella,S,Patterson,Mrs.,71,53.1,155
Ola,M,Thompson,Mrs.,79,71.2,160
Lynn,F,Bechtel,Mr.,85,69.7,172
Orville,T,Higginbotham,Mr.,58,82.1,185
Sammy,B,Stage,Mr.,55,115.1,172
Nicole,R,Green,Mrs.,56,69.3,173
Terri,R,Pompa,Ms.,83,51.6,168
Hilda,J,Mullet,Mrs.,62,96.0,170
Lucy,K,Russell,Mrs.,85,55.8,157
Anna,D,Vargas,Ms.,30,57.1,174
Eric,L,Bowman,Mr.,28,83.0,187
Loretta,N,Bieber,Ms.,77,103.4,160
Heather,D,Davis,Ms.,62,89.4,160
Clyde,A,Lonon,Mr.,47,98.9,184
Joseph,I,Frazer,Mr.,60,105.5,166
Alvin,T,Fifield,Mr.,54,76.5,188
Cindy,W,Koch,Mrs.,27,75.5,170
James,K,Adamek,Mr.,23,69.4,179
Altagracia,A,Fleming,Ms.,39,89.9,161
Carlos,C,Smith,Mr.,56,81.9,181
Elizabeth,G,Judd,Mrs.,66,95.3,170
Connie,J,Walker,Mrs.,76,49.8,168
Maribel,E,Gama,Mrs.,20,52.0,167
Cliff,A,Owens,Mr.,21,67.8,188
Sonia,C,Hayashi,Mrs.,62,83.5,156
Angie,S,Bruns,Mrs.,26,55.0,168
Ila,S,Saucier,Mrs.,67,60.3,171
Vern,G,Byrd,Mr.,52,112.7,181
Barry,M,Phillips,Mr.,55,111.2,168
Johnnie,S,Baggett,Mr.,38,106.8,168
Thomas,A,Young,Mr.,75,82.8,164
Tamara,M,Naquin,Mrs.,64,74.4,163
Linda,H,Perkins,Mrs.,48,52.5,169
Sarah,N,Haro,Ms.,85,86.4,154
Daniel,M,Davis,Mr.,63,77.8,179
Wanda,P,Garcia,Mrs.,31,63.7,154
William,A,Farber,Mr.,66,80.4,177
Valerie,D,Obryan,Ms.,23,87.4,174
Stanley,E,Congdon,Mr.,42,86.4,168
Ida,M,Roy,Mrs.,56,76.7,160
Helena,A,Johnson,Mrs.,83,52.5,169
Olga,G,Meyers,Mrs.,56,86.5,156
Billy,W,Joyner,Mr.,31,89.8,184
Rosalie,J,Cox,Mrs.,25,88.2,165
Edward,M,Lee,Mr.,42,74.4,167
Fred,J,Nell,Mr.,20,95.1,179
Larry,G,McCoy,Mr.,62,104.5,182
Jennifer,D,Lewis,Ms.,80,100.6,162
Helen,D,Garcia,Ms.,61,67.3,157
Frankie,J,Snyder,Ms.,75,87.0,170
Randy,B,Tucker,Mr.,67,67.0,174
Anita,D,Williams,Ms.,27,65.5,162
Rupert,K,Olson,Mr.,45,71.7,179
Sybil,J,Hogan,Ms.,34,60.4,161
Charlotte,L,Hickey,Ms.,79,66.7,167
Stanley,D,Garcia,Mr.,44,112.8,183
Minnie,S,Leonard,Dr.,42,62.3,169
Michael,S,Spears,Mr.,40,75.4,182
Gabriel,G,Gerald,Mr.,67,103.1,172
Audrey,R,Swan,Ms.,71,75.6,168
Scott,S,Adams,Mr.,83,89.7,167
Mary,A,Pierce,Mrs.,67,85.3,159
Katherine,D,Mackey,Mrs.,19,56.9,154
Marilyn,A,Kendall,Ms.,47,51.1,168
Sharon,D,Maldonado,Ms.,72,65.7,168
Margarita,M,Duvall,Ms.,22,73.2,154
Barbara,O,Martinez,Ms.,72,53.9,155
Marie,W,Baker,Ms.,69,52.9,155
Rodney,L,Holliday,Mr.,69,109.0,178
Jose,E,Agustin,Mr.,19,84.3,182
Fred,F,Armstrong,Mr.,21,66.4,181
Carolyn,I,Sawyers,Ms.,46,90.9,167
Kathryn,O,Scanlon,Mrs.,70,64.1,159
Myron,R,Deen,Mr.,25,80.3,185
Andrew,M,Lewis,Mr.,64,75.2,172
Greg,K,Conway,Mr.,21,108.5,182
Nellie,M,Sigler,Ms.,54,74.0,168
Matthew,B,Mahoney,Mr.,70,71.1,181
Jeffrey,B,Lawrence,Mr.,76,76.0,178
Marie,W,Watson,Ms.,35,63.8,173
Patricia,B,Brant,Ms.,69,76.4,161
Luther,R,Spradlin,Mr.,62,91.4,184
Benjamin,N,Lepe,Mr.,82,64.6,170
Pamela,B,Joyce,Mrs.,19,71.3,154
Harry,E,Childs,Mr.,38,96.6,181
Ebony,M,Evans,Ms.,78,64.0,159
Petra,K,Trask,Mrs.,38,85.8,161
Stephen,P,Wendt,Mr.,62,89.7,166
Karen,J,Regalado,Ms.,28,64.0,175
John,D,Gray,Mr.,39,99.8,174
Susan,C,Ross,Ms.,80,48.2,156
Stephen,S,Hall,Mr.,44,84.2,182
Nathan,L,Guardado,Mr.,67,93.0,163
Michael,S,Lopez,Mr.,35,79.1,188
Marc,K,Swanson,Mr.,85,77.7,173
Angie,P,Obrien,Ms.,77,71.8,164
Howard,M,Harrison,Mr.,67,75.5,178
Brian,M,Bradley,Mr.,44,85.1,170
Lauren,M,Everett,Ms.,55,104.6,166
Delia,D,Kelley,Mrs.,33,74.8,157
Arnold,L,Tucker,Mr.,53,78.7,170
Bud,J,Cruz,Mr.,57,74.3,168
Stacy,V,Youngblood,Mr.,33,77.9,177
Linda,R,Obyrne,Mrs.,39,77.1,162
Catherine,J,Cardenas,Ms.,26,101.6,155
Teresa,J,Burrows,Ms.,24,90.7,174
Loraine,S,Lucchesi,Mrs.,37,52.5,173
Jesus,R,Blackwood,Mr.,44,112.4,184
Ada,H,Teske,Ms.,69,75.9,169
Elizabeth,C,Chambers,Mrs.,55,62.9,159
Gene,L,Wright,Mr.,79,95.6,167
Tammy,G,Frierson,Mrs.,47,65.7,168
Theresa,M,McFarland,Ms.,42,71.2,170
Raymundo,C,Robinson,Mr.,62,86.6,166
Paul,N,Johnson,Mr.,25,96.8,186
Bradley,R,Kier,Mr.,46,68.1,178
Kimberly,T,Freeman,Ms.,73,64.9,163
Bobby,I,Meadows,Mr.,85,93.8,165
Peter,V,Nelson,Mr.,66,66.1,180
Julian,D,Allen,Dr.,54,74.0,179
Richard,M,Perez,Mr.,68,96.1,175
Mary,A,Smith,Mrs.,54,90.6,159
Orpha,G,Gerhardt,Ms.,43,65.7,163
Ethelyn,F,Mathews,Dr.,75,57.8,164
Linda,J,Taylor,Ms.,75,83.9,171
Tony,W,Morales,Mr.,85,67.0,165
Willie,B,Puckett,Mr.,46,110.2,181
Marjorie,P,Howard,Ms.,60,60.1,158
Michael,J,Caldwell,Mr.,66,85.0,171
Craig,B,Fitz,Mr.,30,90.2,183
Mildred,E,Williams,Ms.,50,103.8,155
Marcus,M,Pinckney,Mr.,54,111.6,177
Carlos,M,Shaw,Mr.,63,63.6,182
Aaron,A,Thompson,Mr.,42,105.6,185
Raul,C,Navarro,Mr.,57,86.6,169
Jeanne,D,Rundle,Ms.,30,72.2,159
Roger,K,Munoz,Mr.,61,108.3,169
Wilma,J,Gilliard,Ms.,31,61.7,154
Trevor,T,Johnson,Mr.,78,59.1,166
Judy,A,Cruz,Ms.,55,102.5,165
Tommy,M,Flores,Mr.,64,87.7,174
Marianne,B,Roberts,Ms.,71,96.2,167
Cornell,J,Poindexter,Mr.,38,106.0,170
Derek,K,Woodson,Mr.,66,65.2,182
Robert,B,Dawkins,Mr.,23,106.8,172
Brendan,W,Montes,Mr.,23,88.4,171
Sheldon,L,Lewis,Mr.,46,76.2,179
Margaret,J,Adams,Mrs.,60,64.9,169
Edward,S,Thai,Mr.,81,65.4,176
Casey,C,Brewington,Mr.,51,70.1,171
Dorothy,D,Sylvester,Mrs.,26,68.7,164
Frank,D,Masi,Mr.,83,98.5,180
Nancy,R,Francis,Mrs.,65,55.5,154
Robert,M,Finley,Mr.,81,90.2,166
Angella,J,Eslick,Mrs.,28,90.6,161
Shirley,B,Ashman,Ms.,70,59.9,167
Mary,J,Clarke,Ms.,32,79.0,158
Joan,J,Whitener,Ms.,42,58.7,173
Jacqueline,M,Miller,Ms.,62,54.3,166
Andrea,H,Belt,Dr.,60,56.2,159
Mark,L,Burdett,Mr.,35,64.3,174
James,R,Moran,Mr.,22,96.4,183
Hector,C,Wilhelm,Mr.,21,95.7,183
Roy,T,Barclay,Mr.,36,69.6,169
Robert,J,Franks,Mr.,29,76.6,188
David,A,Simpson,Mr.,44,91.6,173
Bradley,M,Arnett,Mr.,21,108.0,190
Ben,M,Eberhardt,Mr.,70,96.6,166
David,T,Ellison,Mr.,30,72.5,182
Patricia,D,Strauch,Mrs.,73,58.9,153
Liana,J,Amaro,Mrs.,40,64.7,159
John,G,Cameron,Mr.,36,72.6,183
Theresa,A,Ayres,Ms.,43,77.7,166
Joshua,J,Rodriguez,Mr.,21,87.4,180
Petra,K,Wilson,Ms.,61,92.8,166
Stacey,D,Ulrich,Ms.,83,83.3,152
Marsha,D,Bollman,Mrs.,23,60.7,160
Charles,A,Ackley,Mr.,85,67.1,169
Dorothy,J,King,Mrs.,34,73.9,168
Nancy,S,Gray,Ms.,22,61.7,171
Ethel,J,Dickerson,Ms.,19,68.0,152
William,M,Poirier,Mr.,56,107.2,186
Paul,T,Hawes,Mr.,27,79.7,169
Nilda,L,Holmes,Mrs.,19,72.4,156
Imelda,D,Davis,Mrs.,77,78.8,151
Denise,A,Preciado,Ms.,64,57.1,155
Lloyd,R,Struble,Mr.,58,75.4,183
Carol,K,Hanger,Mrs.,61,72.0,170
Mary,P,Williams,Ms.,81,82.7,159
Jere,S,Johnson,Mr.,78,67.6,182
Kyle,V,Haworth,Mr.,39,96.4,186
Robert,F,Wade,Mr.,27,108.2,172
Eloise,B,Freeman,Mrs.,36,100.0,157
Robert,E,Harrington,Mr.,27,96.9,185
Joseph,P,Ray,Mr.,68,80.5,177
Elizabeth,R,Jordan,Mrs.,43,57.4,170
Leroy,J,Guardado,Mr.,71,83.8,165
Jill,M,Zuniga,Ms.,20,64.1,159
Stephen,D,Morris,Mr.,44,78.0,185
Joe,R,Gibson,Mr.,61,97.1,165
Sheila,J,Dawkins,Dr.,63,78.3,154
John,C,England,Mr.,47,65.8,188
Anthony,D,Fisher,Mr.,47,78.8,180
Richard,A,Perez,Mr.,59,104.4,167
Tommy,M,Spruill,Mr.,21,87.4,168
Maxine,W,Lewin,Ms.,49,57.7,169
Erma,E,Weber,Mrs.,28,67.8,169
Thomas,R,Hill,Mr.,72,64.6,181
John,M,Miller,Mr.,28,96.0,172
Priscilla,J,Bogart,Ms.,35,86.8,172
Judith,E,Watson,Dr.,42,60.7,169
Misty,F,Gibson,Ms.,24,69.0,169
Troy,J,Hutsell,Mr.,48,89.8,171
Elizabeth,J,Duke,Ms.,55,98.1,172
Frances,S,Wright,Mrs.,26,56.9,156
William,A,Hardison,Mr.,38,69.8,170
Fred,D,Hanke,Mr.,67,92.7,169
John,J,Lambert,Mr.,62,80.0,176
William,K,Balke,Mr.,73,102.7,180
Nancy,H,Wenzel,Ms.,52,80.5,169
Alfonso,J,Bunn,Mr.,40,70.1,186
Cody,K,Adams,Mr.,49,101.8,188
Robert,R,Kirk,Ms.,41,59.9,174
Barbara,M,Quiroz,Ms.,45,99.0,156
Linda,K,Townley,Mrs.,83,76.4,156
Jeffrey,J,Austin,Mr.,59,66.5,167
Janine,J,Guenther,Mrs.,66,73.1,163
Kristen,G,Gamble,Mrs.,60,85.4,170
Raymond,C,Morrison,Mr.,82,94.0,174
Andrew,S,Russell,Dr.,42,72.3,176
Paul,N,Brown,Mr.,84,78.9,168
Erlinda,R,Mosley,Mrs.,52,78.8,167
Allen,B,Brenton,Mr.,65,102.9,173
Antonio,V,Gabriel,Mr.,85,97.5,171
Melissa,M,Garcia,Mrs.,37,86.8,155
Dale,L,Sensabaugh,Mr.,71,88.6,183
Maricela,S,Campbell,Mrs.,20,82.4,168
Eric,K,Cousar,Mr.,82,75.0,172
June,K,Sanford,Mrs.,64,99.5,161
Arthur,T,Norris,Mr.,43,87.0,170
Leroy,O,Watson,Mr.,32,71.7,189
Cathleen,R,Burchett,Ms.,21,93.9,155
Mary,R,Tobin,Ms.,28,58.5,167
Brenda,D,Wilt,Mrs.,37,100.8,166
Robert,J,Neary,Mr.,46,86.3,173
Keith,C,Odell,Mr.,71,93.6,164
Steven,J,Sisto,Mr.,67,64.1,178
Scott,M,Martinez,Mr.,81,88.4,163
Charles,S,Paschal,Mr.,67,97.0,169
Wade,B,Holmes,Mr.,60,63.9,183
Michael,P,Currie,Mr.,71,87.7,166
Lawrence,B,Long,Mr.,76,91.8,182
Jeff,C,Martinez,Mr.,27,80.0,173
Carolyn,D,Steele,Mrs.,55,64.1,154
Andy,G,Daley,Mr.,32,74.7,179
Joe,S,Dudley,Mr.,19,59.2,188
Brendan,K,Caraway,Dr.,64,83.2,184
Wesley,J,Weaver,Mr.,79,91.3,180
Keith,D,Beebe,Mr.,61,99.5,177
Nathan,J,Lasseter,Mr.,50,103.3,169
Dominic,J,Litchfield,Mr.,67,96.3,166
Sergio,C,Stern,Mr.,22,95.5,177
Edith,C,Brooks,Mrs.,46,56.3,157
Zina,G,Pinkerton,Mrs.,59,92.2,159
John,N,Weinberger,Mr.,38,85.2,171
Dawn,J,Whetsel,Dr.,45,99.2,169
Stephanie,J,Andrews,Ms.,52,85.9,163
Max,R,Navarrete,Mr.,26,72.8,182
David,J,Dunlap,Mr.,49,114.7,182
Julia,J,Lee,Mrs.,27,91.3,174
Amy,D,Ross,Mrs.,21,72.6,175
Dave,B,Oboyle,Mr.,82,93.0,178
John,A,Edwards,Mr.,48,64.5,185
Brandon,D,Sisson,Mr.,77,80.0,180
Michael,B,Oconner,Mr.,71,70.1,182
Sheryl,R,Brown,Mrs.,78,70.4,162
Dorothy,J,Marshall,Ms.,48,83.3,156
Jeremy,B,Hiatt,Mr.,25,91.6,176
Caroline,R,Mears,Mrs.,23,56.8,163
Jon,V,Boyd,Mr.,19,70.7,180
Renee,M,Crossman,Mrs.,65,69.6,156
Ann,C,Pemberton,Mrs.,42,95.9,158
Edwin,M,Renn,Mr.,40,108.1,184
Raymond,C,Lehman,Mr.,23,67.5,171
Norma,W,Young,Mrs.,80,91.1,161
Frances,E,Boone,Ms.,36,76.8,170
Rosemary,K,Maley,Mrs.,68,76.7,164
Donna,A,Jackson,Mrs.,69,50.7,169
Tiffany,P,Rader,Mrs.,46,88.8,154
Justin,S,Springer,Mr.,21,102.3,180
Bernice,J,Hunt,Ms.,70,86.4,159
James,J,Bruce,Mr.,24,80.9,189
Dorothy,R,Trice,Mrs.,81,73.9,156
Anthony,E,Bell,Dr.,44,71.5,180
Dolores,S,Peele,Ms.,56,63.6,170
William,S,Yoder,Mr.,72,97.0,166
Rosa,J,Julius,Ms.,30,77.6,166
Houston,S,Hearn,Mr.,73,60.9,170
Kristina,S,Smith,Mrs.,38,89.0,158
Eloise,B,Gartman,Mrs.,61,68.3,170
James,J,Applegate,Mr.,80,100.3,171
Eric,S,Rios,Mr.,23,64.7,175
Rebecca,M,McCormack,Ms.,39,104.6,170
Linda,E,Terry,Mrs.,84,53.8,167
William,G,Harris,Mr.,68,101.2,177
Cheryl,T,Cockrell,Mrs.,81,58.1,169
Michael,E,Brown,Mr.,72,78.6,182
Karmen,D,Medlin,Ms.,75,93.8,151
Harris,S,Whalen,Mr.,83,68.2,170
Alisha,J,Scroggs,Ms.,26,62.5,162
Kristopher,B,Crouch,Mr.,72,68.0,163
Heidi,S,Long,Ms.,52,71.9,164
Lula,J,Chester,Ms.,64,63.2,158
Lillian,P,Duet,Ms.,76,84.9,157
Lance,E,Graham,Mr.,40,85.5,168
Cecile,W,Lewin,Ms.,21,76.5,169
Florence,R,Yates,Mrs.,36,87.7,172
Sandra,D,Kyle,Mrs.,39,91.0,156
William,S,Waldroup,Mr.,84,68.2,183
Ricardo,K,Burrow,Mr.,79,61.3,168
Jacqueline,E,Lockwood,Ms.,56,100.3,170
Christopher,J,Goss,Mr.,49,86.5,187
Steven,D,Verville,Mr.,38,78.6,168
Robin,A,Shepherd,Ms.,34,62.8,155
Lauri,D,Loyd,Ms.,53,68.1,156
Chad,K,Miele,Dr.,59,67.5,171
Dane,M,Coffman,Mr.,50,69.7,176
Robert,M,Campbell,Mr.,52,108.4,172
Daniel,M,Thompson,Mr.,26,60.2,173
Megan,R,Long,Ms.,42,94.8,167
Sonya,B,Jones,Mrs.,25,98.0,162
Virgil,J,Smith,Mr.,45,80.4,174
Patricia,A,Batson,Ms.,77,59.8,161
Norman,N,Flores,Mr.,58,111.9,181
Shawna,C,Troy,Mrs.,79,61.4,160
Laura,J,Brantley,Ms.,29,60.8,171
Todd,S,Lang,Mr.,64,84.9,178
Marty,P,Griffin,Mr.,69,89.9,176
Bonnie,L,Guzman,Ms.,23,65.6,163
James,M,Marshall,Mr.,62,93.2,174
Alice,M,Sanchez,Ms.,69,63.7,152
Jessie,R,Austin,Mr.,38,68.9,167
Robert,S,Martinez,Mr.,41,83.4,178
Elaine,D,Sanders,Ms.,37,51.4,158
Alexander,A,Love,Mr.,48,108.5,168
Eric,S,Smith,Mr.,48,83.4,170
Elizabeth,A,Marcus,Mrs.,50,51.7,154
Robin,D,Ware,Mrs.,85,68.7,163
Holly,T,Wayne,Mrs.,68,85.5,155
Helen,D,Tuttle,Ms.,19,51.4,152
Ashley,A,White,Mr.,32,64.1,168
Marvin,D,Lockwood,Mr.,53,95.2,179
George,H,Morales,Mr.,30,74.3,183
Esther,R,Green,Ms.,28,56.0,157
Victor,R,Anderson,Mr.,75,74.2,175
Jenny,G,Rhodes,Mrs.,26,50.8,173
Scott,F,Fisher,Mr.,69,71.1,170
James,L,Cote,Mr.,52,112.1,172
Stanley,C,Hand,Mr.,48,94.9,178
Sherry,A,Walcott,Ms.,38,74.9,158
Freddie,R,Lindsey,Mr.,55,108.0,185
Barbera,L,Coleman,Ms.,29,58.3,168
Samuel,J,Cavin,Mr.,49,65.2,178
Jeanine,V,Farthing,Mrs.,73,73.6,166
Glenn,S,Hill,Mr.,71,102.5,170
Andrea,C,Jordan,Ms.,59,63.5,154
Caroline,J,Piper,Ms.,84,76.5,169
June,O,Moreno,Ms.,60,97.8,162
Guy,F,Jessup,Mr.,73,84.0,179
Jennifer,T,Joyner,Ms.,53,62.6,157
Thomas,M,Clark,Mr.,83,87.5,179
Alice,J,Miller,Mrs.,59,89.9,153
Lisa,F,Wilber,Ms.,54,77.6,165
Richard,D,Oswalt,Mr.,75,101.4,173
Pete,E,Page,Mr.,79,99.0,162
Jack,M,Winters,Mr.,33,62.9,173
James,S,Simmons,Mr.,66,102.7,172
Michel,J,Clough,Mr.,34,70.6,181
Laura,A,Trim,Mrs.,73,90.1,165
Lakesha,P,Deskins,Ms.,29,56.0,165
Joel,J,Smith,Mr.,74,90.6,170
Corie,J,Brown,Mrs.,37,80.8,172
Janet,S,Stanley,Ms.,27,93.1,169
Anthony,A,Thompson,Mr.,71,83.2,179
Robert,B,Hollingsworth,Dr.,27,102.9,175
Alba,J,Rabon,Mrs.,74,50.9,169
Rae,M,Molinaro,Ms.,46,68.9,165
Christopher,S,Hummel,Mr.,41,88.0,187
Wilbert,C,Leger,Mr.,19,56.1,187
Louis,G,Ortega,Mr.,55,101.6,179
Rogelio,O,Dewall,Mr.,82,99.1,182
Ted,S,Carroll,Mr.,31,110.5,176
Steven,K,Nolan,Mr.,40,75.6,185
Debra,T,Brown,Ms.,53,86.3,173
Willie,C,Glass,Mr.,35,70.6,174
Donald,K,Pascual,Mr.,24,70.1,167
Mildred,L,Dory,Ms.,40,75.0,174
Jeremy,M,Silva,Mr.,66,103.1,184
Martha,E,Garcia,Mrs.,52,51.4,170
Kathleen,G,Branson,Mrs.,27,83.3,171
Brian,C,Cox,Mr.,84,87.7,173
Johnny,J,Vigil,Mr.,40,89.7,171
Brenda,A,Sanders,Mrs.,82,48.5,170
Lee,T,Williamson,Mr.,20,69.0,186
Dorothy,C,Depuy,Mrs.,68,84.0,167
Donald,N,Slater,Mr.,57,85.4,183
Amy,E,McDaniel,Ms.,47,86.2,168
Doris,S,Messer,Ms.,35,69.2,159
Jimmy,C,Delatte,Mr.,44,70.1,188
Penny,R,Grayson,Mrs.,57,99.1,163
Brian,A,Andrade,Mr.,27,79.6,175
Joan,N,Moore,Ms.,38,59.6,159
Theresa,L,Hursey,Ms.,73,83.7,161
Francis,G,Deems,Dr.,81,85.4,151
Ida,R,Johnson,Mrs.,39,65.7,160
Marilyn,D,Wallace,Ms.,40,95.5,166
Jose,R,Harrison,Ms.,41,104.6,168
John,M,Taylor,Mr.,23,63.2,176
Helen,W,Ware,Mrs.,75,56.0,165
Jerald,R,Holter,Mr.,25,106.5,173
Anita,A,Wolf,Mrs.,72,81.9,159
Lynnette,J,Alvarez,Ms.,35,102.7,174
Kelly,R,Johnson,Ms.,72,57.4,159
Guadalupe,G,Devries,Dr.,69,67.1,153
William,J,Donnelly,Mr.,53,66.0,171
Dale,B,Richards,Mr.,82,73.3,179
Dorothy,Z,Silva,Mrs.,59,97.3,168
Mary,K,Foster,Ms.,42,87.0,159
Thomas,M,King,Mr.,22,85.8,184
Jeanette,S,Kirkendall,Mrs.,39,94.4,173
Douglas,C,Parshall,Mr.,35,91.3,189
Darnell,G,Ferguson,Mr.,72,74.2,176
Danielle,P,Gastelum,Ms.,36,90.3,165
Michelle,B,Harrell,Ms.,25,77.7,159
Florence,F,Jaramillo,Mrs.,48,87.9,163
Jerry,C,Neely,Mr.,81,101.7,171
Robert,K,Jones,Mr.,51,89.3,175
Victor,J,Patterson,Dr.,62,72.4,178
Antonio,C,Polzin,Mr.,79,66.5,179
Richard,J,Johnson,Mr.,82,69.8,178
Thomas,L,Grainger,Mr.,35,71.2,171
Matthew,M,Porter,Mr.,33,84.0,176
Dina,J,Salazar,Ms.,75,89.2,154
Barbara,K,Brown,Ms.,74,79.2,151
Veronica,S,Cothern,Mrs.,46,89.1,156
Jennifer,J,Aurand,Mrs.,73,80.3,170
Thomas,D,Boatright,Mr.,49,109.6,174
Sarah,T,Parker,Ms.,20,72.3,172
Vicky,E,Hale,Mrs.,22,63.0,161
Katherine,C,Thomas,Ms.,68,89.8,155
Cheryl,W,Richards,Mrs.,33,68.3,164
Estelle,S,Algarin,Mrs.,58,101.1,171
Donald,S,Davis,Mr.,35,112.0,187
Toni,N,Earles,Mrs.,58,71.5,170
Kerri,H,Ochoa,Ms.,30,81.0,154
Donald,L,Dahl,Mr.,51,102.7,175
Tyler,L,Burch,Mr.,36,86.8,167
Stephen,S,Golden,Mr.,48,106.2,180
Keisha,D,Alleyne,Ms.,63,57.4,164
David,M,Banks,Mr.,81,66.4,171
Steven,C,Fuller,Mr.,82,65.5,162
Richard,B,Baker,Mr.,74,68.4,175
Charles,C,Brookover,Mr.,21,81.9,181
Jennifer,R,Ashurst,Mrs.,85,73.0,170
Betty,D,Madrigal,Ms.,60,61.9,171
Anna,C,Drake,Mrs.,72,73.2,151
Megan,R,Jean,Ms.,62,63.7,169
Kristine,J,Hansen,Ms.,24,70.1,168
Frances,C,Gonzalez,Ms.,67,99.6,168
Sara,F,McElwee,Mrs.,30,73.5,161
Lori,D,Laura,Ms.,76,97.8,164
William,C,Friend,Mr.,79,78.1,164
Michael,E,Wedel,Mr.,54,99.4,168
Michael,R,Emerson,Mr.,25,97.8,182
Susan,J,Maynor,Ms.,40,85.7,167
Steven,M,Lacey,Mr.,22,80.3,184
Francisco,S,Landon,Mr.,77,64.5,171
Patricia,C,Harmon,Mrs.,77,51.9,168
John,K,Burkhart,Mr.,75,97.5,168
Pamela,M,Wilson,Mrs.,74,99.3,163
George,O,Fernandez,Mr.,45,113.2,177
Delana,R,Ewart,Ms.,24,89.5,173
Veronica,F,Jenkins,Ms.,84,77.6,154
Jimmie,J,Hartzell,Mr.,32,106.0,180
Kent,C,Swift,Mr.,85,74.6,175
Lawrence,K,Morales,Mr.,29,68.0,176
Ryan,J,O'Connor,Mr.,40,109.9,168
Roland,L,Hutton,Mr.,24,68.7,177
Beverly,G,Waldron,Ms.,30,83.0,173
Ruth,M,Gallien,Mrs.,84,79.8,158
Heather,D,Turman,Ms.,61,91.1,166
Julia,S,Vazquez,Ms.,42,85.0,164
Brett,M,Goodwin,Mr.,83,78.5,165
Lesley,C,Chen,Ms.,34,78.3,173
Adam,E,Carrillo,Mr.,41,66.4,180
Roger,O,Wilke,Mr.,81,95.1,182
Loretta,O,Ford,Ms.,19,56.0,157
David,L,Kelly,Mr.,19,90.8,186
Marjorie,W,Burke,Ms.,77,92.2,154
Matthew,A,Solorzano,Mr.,39,107.7,187
Crystal,R,Lewin,Ms.,62,55.0,153
Anna,S,Ro,Ms.,41,100.2,163
Nathan,V,Rafael,Mr.,43,77.0,179
Valerie,E,Sieber,Mrs.,68,60.5,167
John,L,Crompton,Mr.,72,99.5,169
Zelda,J,Sullivan,Ms.,76,77.7,157
Gary,V,Mauldin,Mr.,78,64.4,180
Misti,B,Hernandez,Ms.,58,68.4,172
Pearl,J,Cowart,Mrs.,49,68.0,166
Lisa,R,Rivas,Mrs.,60,55.3,162
Doris,C,Ohearn,Dr.,73,66.7,162
Virginia,F,Hodges,Ms.,75,98.2,156
Clifford,M,Torrez,Mr.,27,104.2,175
Roland,J,Goodman,Mr.,29,77.5,182
Margaret,C,Vaughn,Mrs.,85,77.4,160
Sharon,R,Jones,Mrs.,31,56.1,166
Joseph,Y,McKernan,Mr.,47,83.8,167
Richard,S,Lee,Mr.,48,109.4,173
Nicholas,M,Jackson,Mr.,21,81.3,189
Gregory,C,Bell,Mr.,84,92.0,182
Mary,A,Clark,Mrs.,45,102.6,167
Selena,R,Nevarez,Ms.,40,84.5,171
Donald,L,Brown,Mr.,46,106.9,176
Esther,K,Robinson,Mrs.,34,102.1,161
Jack,L,Morphis,Mr.,55,92.7,172
Laverne,M,Sharpe,Mrs.,34,103.2,173
Douglas,M,Snow,Mr.,65,67.3,166
Robert,A,Goforth,Mr.,77,66.5,173
Maria,B,Massey,Ms.,80,101.8,154
Lorrie,W,Larson,Ms.,83,54.7,159
Francis,R,Berg,Mr.,75,87.6,166
Frank,E,Chang,Mr.,25,106.3,176
Anthony,S,Talley,Mr.,80,60.0,181
Sherrie,K,Roland,Ms.,82,64.5,160
Leon,S,Eno,Mr.,47,112.5,176
Myrle,J,Rock,Mrs.,52,75.0,172
Matthew,M,Murray,Mr.,80,85.6,170
Alphonso,P,Figueroa,Mr.,62,67.2,171
Debra,P,Hunter,Mrs.,84,74.0,169
Charles,M,Johnson,Mr.,79,67.1,162
Christine,R,Aronson,Ms.,81,54.1,157
Howard,L,Napier,Mr.,82,99.7,180
Sherry,J,Johannes,Mrs.,69,90.3,157
Robert,D,Howard,Mr.,73,96.8,184
Grace,E,Allen,Ms.,58,85.3,158
James,M,Thompson,Mr.,36,80.6,182
Gregory,R,Dawson,Mr.,41,72.0,183
Harold,K,Rhone,Mr.,26,97.4,177
Mark,W,Conroy,Mr.,70,62.0,165
Gordon,A,English,Dr.,70,86.8,166
Dana,D,Wines,Mr.,63,71.0,166
Kimberly,J,Perkins,Mrs.,52,95.0,161
Ronnie,E,Woodbury,Mr.,34,101.4,169
Dwain,F,Oquinn,Mr.,73,101.6,182
Tameka,M,Ross,Dr.,22,96.6,171
Bradley,T,Ard,Mr.,61,75.2,165
Lorraine,J,Beer,Mrs.,29,65.1,175
Jill,R,Hamblen,Ms.,57,77.0,171
Andrea,A,Moore,Mrs.,50,93.2,158
Ramon,C,Lassiter,Mr.,48,71.3,188
Mellisa,S,Hayes,Mrs.,43,91.0,169
Brandon,M,Adams,Mr.,76,99.9,184
Krystal,E,Bullington,Mrs.,50,99.3,168
James,S,Salas,Mr.,36,91.5,167
Lakisha,M,Cabezas,Mrs.,66,59.2,168
Jim,C,Bennett,Mr.,45,113.8,170
Barbra,R,Gunnell,Mrs.,34,64.6,169
Hilary,W,Gemmill,Ms.,65,58.8,159
Dawn,J,Thomas,Mrs.,46,94.7,164
Monica,M,Raines,Mrs.,34,90.6,158
Carl,M,McNeill,Mr.,64,69.0,177
Bruce,K,Graham,Mr.,77,65.0,168
Lois,J,Clark,Ms.,64,62.2,164
Jeff,E,Langley,Mr.,57,67.5,180
Henry,T,Thrash,Mr.,41,73.6,188
Maribel,A,Plowman,Ms.,83,88.8,167
Eric,M,Major,Dr.,30,111.9,186
Terry,E,Elliott,Mr.,50,92.9,180
Ashleigh,G,Mitchell,Ms.,30,48.7,158
Maria,A,Brown,Mrs.,37,50.6,175
Alberta,E,Burdick,Ms.,68,54.2,165
Larry,R,Chavez,Mr.,46,75.5,182
Rocco,R,Stith,Mr.,22,62.3,177
Lisa,R,Bishop,Ms.,55,54.1,155
Mike,T,Ramirez,Mr.,55,92.7,185
William,R,Battle,Mr.,63,70.8,177
Paul,P,Perez,Mr.,60,90.0,178
Jodi,S,Winkfield,Ms.,69,92.6,159
Michael,G,Soo,Mr.,83,69.5,172
Betty,A,Shores,Mrs.,50,78.2,161
Gordon,M,Epstein,Mr.,68,82.7,178
James,J,Carpenter,Mr.,49,115.8,177
Norris,D,Barnes,Mr.,53,114.6,169
James,J,Calabrese,Mr.,72,69.1,176
Patricia,G,Anderson,Ms.,61,93.8,169
Paul,A,Gartner,Mr.,35,85.2,188
Lacey,E,Keyes,Mrs.,31,91.7,154
Kathleen,D,Williams,Mrs.,62,59.1,156
Paul,C,Clark,Mr.,35,64.7,176
Raphael,C,Short,Mr.,81,81.2,167
Paul,M,Munoz,Mr.,28,64.2,174
Francis,E,Weaver,Dr.,31,94.6,185
Jimmie,T,Murphy,Ms.,23,89.4,174
Roberta,T,Hines,Mrs.,57,94.5,154
Mark,H,McGraw,Mr.,31,64.5,181
Jennifer,M,Thomas,Ms.,70,94.4,159
Joyce,C,Dunn,Mrs.,32,86.1,165
Jillian,D,Wilson,Ms.,68,96.9,151
Barbara,R,Driggers,Mrs.,33,72.2,175
Stacie,R,Rodriguez,Ms.,43,56.1,169
Jaime,S,Vazquez,Mr.,37,72.6,186
George,I,Dailey,Mr.,77,101.6,177
Kathy,R,Muller,Mrs.,55,70.2,153
Willie,E,Glass,Ms.,46,65.6,170
Myrtle,S,Bailey,Ms.,85,89.3,161
Jennifer,B,Kroeker,Mrs.,50,102.9,156
Courtney,J,Templeton,Dr.,58,55.5,153
Edward,S,Gonzalez,Mr.,38,98.5,183
Frances,D,Aranda,Ms.,47,68.9,159
Adam,D,Newson,Mr.,33,93.6,186
Jennifer,J,Keller,Ms.,45,66.3,164
Griselda,B,Diez,Ms.,78,84.9,150
Daniel,C,Gonzalez,Mr.,57,87.0,175
Elsie,R,Christensen,Mrs.,59,74.8,159
Laurine,H,Cato,Ms.,43,51.0,167
Willie,A,Donati,Mr.,66,97.4,181
Kristi,A,Cooper,Mrs.,62,97.1,159
Barry,A,Shults,Dr.,60,83.1,185
Jerry,D,Manning,Mr.,85,88.6,177
Renee,S,Henrickson,Ms.,60,60.2,161
Raymond,R,Grise,Mr.,38,71.5,172
Willie,T,Wells,Ms.,22,48.9,172
Joshua,D,Pearce,Mr.,58,66.4,186
Scott,M,Rodriquez,Mr.,43,116.1,185
William,N,Ellis,Mr.,31,103.9,178
Linda,M,Cooper,Ms.,35,60.7,164
Jessi,R,Wheelock,Ms.,70,93.7,167
Myrtle,P,William,Mrs.,57,54.1,173
Rory,A,Kindle,Mr.,62,103.3,182
Virginia,L,McCollum,Ms.,54,83.7,164
Kim,E,Tenney,Ms.,19,75.4,166
Mark,E,Vang,Mr.,59,66.3,176
Allen,J,Burrus,Mr.,28,63.7,190
Priscilla,R,Stanley,Mrs.,21,68.8,163
Mary,W,Herman,Ms.,62,71.4,159
Lisa,J,Lee,Mrs.,19,87.6,165
David,M,Rosendahl,Mr.,78,96.7,168
Elizabeth,M,Nolan,Mrs.,83,58.2,156
Nicole,J,Hilliard,Mrs.,73,54.6,155
Frank,M,Smith,Mr.,41,68.4,183
Donald,H,Tenney,Mr.,46,99.2,177
Beth,E,Adams,Mrs.,64,88.8,172
Christopher,B,Garcia,Mr.,77,64.1,174
Mark,P,Schaefer,Mr.,40,110.5,169
Dennis,T,Hernandez,Mr.,72,73.5,164
Harris,P,White,Mr.,70,64.4,167
Matthew,J,Shanklin,Mr.,48,68.4,175
Katrina,A,Durham,Ms.,26,63.0,161
Jennifer,L,Fishback,Mrs.,19,73.1,162
Rae,W,Bowling,Mrs.,19,80.9,169
Peter,A,Davis,Mr.,60,113.6,183
Anita,P,Dow,Mrs.,70,51.4,164
Sam,C,Looney,Mr.,37,103.3,170
Rita,R,Byrne,Mrs.,59,81.2,154
Earl,B,Ross,Mr.,34,102.8,178
Scott,E,Young,Mr.,68,67.6,170
Alan,P,Tsao,Mr.,66,71.2,167
Allison,M,Holt,Mrs.,36,67.2,168
Lauren,P,Walters,Ms.,45,67.6,166
Duane,N,James,Mr.,85,66.5,171
Maria,L,Harbour,Mrs.,34,69.1,155
Mark,E,Duke,Mr.,48,115.0,169
Julia,J,Saliba,Dr.,53,66.5,153
Maggie,R,Matamoros,Ms.,42,94.5,163
Ronald,M,Trudel,Mr.,20,94.7,189
Kathy,W,McCammon,Mrs.,77,61.7,160
Catherine,G,Williams,Mrs.,77,56.1,170
Scott,L,Kirts,Mr.,51,92.4,182
Thomas,D,Wiley,Mr.,37,100.9,182
Steven,A,Neuhaus,Dr.,73,86.5,171
Catherine,J,Hardaway,Mrs.,25,83.2,173
Deanna,T,Grenier,Ms.,46,73.0,154
Geneva,J,Pfarr,Ms.,19,59.4,153
Lisa,R,Mueller,Ms.,31,51.5,175
Karen,W,Schilling,Mrs.,29,82.2,171
James,T,Lindquist,Mr.,74,75.7,176
Kaitlin,E,Rathjen,Ms.,62,72.3,156
Joyce,D,Yates,Mrs.,69,98.1,159
Buffy,E,Dixon,Ms.,52,73.6,167
Dana,A,Connelly,Mrs.,34,79.7,166
Jane,M,Morelock,Mrs.,21,79.2,156
Lillian,R,Perez,Ms.,73,76.6,154
Hugh,P,Bowen,Mr.,67,105.3,165
Jacqueline,C,Cover,Mrs.,23,97.8,174
Frank,K,Roberts,Mr.,58,106.9,172
James,I,Martinez,Mr.,47,83.6,178
Roger,S,Shaffer,Mr.,28,81.5,179
Jennifer,S,Moore,Ms.,67,64.5,153
Laura,J,Henderson,Ms.,58,104.5,156
Dennis,J,Hodge,Dr.,50,80.3,185
Andra,K,Arnold,Mrs.,52,77.3,156
Deanna,R,Ebert,Mrs.,28,101.8,164
John,M,McDonald,Mr.,30,76.2,182
Rashida,P,Gonzales,Mrs.,73,58.0,152
Samuel,S,Sisneros,Mr.,50,115.2,183
Tom,L,Smith,Mr.,30,77.6,185
Christina,W,Anderson,Mrs.,63,56.6,165
Tracey,R,Perkins,Mr.,82,79.7,174
Rodney,Y,Stevens,Mr.,56,64.9,169
Anna,K,Stone,Dr.,39,79.7,156
Maryann,R,Talley,Ms.,47,69.1,159
Nidia,M,Devault,Mrs.,34,50.1,172
Marlin,B,Helsley,Mr.,81,73.2,171
Connie,G,Wolfe,Ms.,20,50.0,166
Annie,J,Heise,Mrs.,42,71.0,159
Lorna,D,Downard,Ms.,51,87.5,156
Janice,L,Barrera,Dr.,32,76.0,155
Charles,P,Kirsch,Mr.,53,92.6,178
Lisa,C,Copeland,Ms.,74,77.0,154
Leonard,C,Cleary,Mr.,53,111.7,169
Tammy,A,Milliron,Mrs.,69,76.7,152
Margaret,S,Flores,Ms.,80,57.0,156
Billy,P,Dawson,Mr.,76,71.4,163
Larry,D,Orourke,Mr.,52,108.2,178
William,G,Santoyo,Mr.,26,90.6,190
Irene,D,Horner,Mrs.,20,76.1,161
James,J,Johnson,Mr.,31,95.8,178
Richard,L,McCormick,Mr.,63,63.7,183
Jane,G,Perez,Ms.,53,51.1,167
Truman,T,Johnson,Mr.,74,75.4,180
Phyllis,J,Smith,Ms.,33,66.1,175
Edna,A,Harris,Ms.,41,54.4,157
Joseph,R,Billings,Mr.,25,100.5,175
Elisa,D,Jenks,Ms.,84,56.4,153
Roxana,J,Carroll,Ms.,23,88.1,161
Viola,E,Jones,Ms.,79,83.7,157
Mary,J,Martin,Ms.,69,56.0,169
Ashley,N,Green,Mrs.,71,99.1,155
Paula,C,Gowdy,Ms.,73,64.9,154
Pam,O,Shankle,Ms.,67,57.8,160
Guillermo,E,Hill,Mr.,20,77.4,170
Barbara,L,Gordon,Mrs.,27,89.3,155
Mary,J,John,Mrs.,49,92.5,155
Martin,C,Nunez,Mr.,70,70.2,180
Brock,A,Tunnell,Mr.,59,68.6,170
Adam,R,McFee,Mr.,61,105.3,177
Penny,R,Loucks,Dr.,56,88.5,173
Diane,W,Doran,Ms.,82,81.1,161
Patricia,J,Mundy,Ms.,44,71.5,163
Mary,M,Bradley,Ms.,27,54.6,170
Isidro,V,Snodgrass,Mr.,82,90.1,174
Mary,V,Stringfellow,Ms.,41,73.8,166
Kelley,S,Boone,Mr.,71,85.7,164
Margie,C,Schneider,Mrs.,25,73.8,166
Randy,K,Stinson,Mr.,64,83.5,167
Raymond,D,Gemmill,Mr.,57,112.3,172
Mario,N,Keller,Mr.,57,81.1,171
Joseph,T,Childers,Mr.,22,69.6,173
Cynthia,P,Costin,Mrs.,39,70.4,157
Shane,G,Wright,Mr.,22,99.1,168
Sarah,J,Millar,Ms.,70,70.9,158
David,S,Seddon,Mr.,81,88.9,171
Betty,R,Wells,Ms.,68,90.8,151
Linda,P,O'Donnell,Ms.,67,68.2,160
Bobby,S,Coyle,Mr.,67,106.1,179
Helen,C,Simpkins,Ms.,69,73.7,167
Jeremy,C,Moss,Mr.,71,93.2,175
Kevin,S,Price,Dr.,80,68.9,174
Anne,R,Foley,Ms.,55,84.2,164
Andrew,C,McCoy,Mr.,41,71.6,169
Kimberly,G,Duncan,Mrs.,41,71.4,173
Jacinda,T,Thompson,Mrs.,66,62.4,162
Michael,R,Brown,Mr.,26,85.9,175
Dale,C,Washington,Mr.,51,84.2,180
Albert,J,Deleon,Mr.,48,98.8,179
Belinda,D,Hoss,Ms.,79,74.4,162
Robert,D,Dobbins,Mr.,64,107.1,170
Richard,A,Jackson,Mr.,78,66.0,167
Donna,M,Abril,Ms.,65,74.6,166
Hazel,E,Grimes,Ms.,32,78.1,162
Wallace,S,Lindley,Mr.,64,94.7,167
William,D,Bruner,Mr.,41,77.7,185
Sachiko,E,Dyson,Ms.,37,96.6,175
Truman,J,Donnell,Mr.,28,98.8,178
Kristi,H,Jones,Ms.,35,89.7,160
Deborah,T,Lancaster,Ms.,52,82.5,162
David,K,Dabbs,Mr.,77,86.3,181
Justin,V,Bracey,Mr.,31,79.5,172
Christopher,C,Black,Mr.,63,102.9,166
John,S,Allen,Mr.,77,84.0,171
Linda,F,Grossman,Ms.,50,68.0,166
Jonathan,D,Berger,Mr.,69,88.2,171
Joshua,C,Wurth,Mr.,51,78.2,182
Jeni,A,Cournoyer,Ms.,74,81.2,161
Richard,C,Bradford,Mr.,35,75.0,181
Catherine,R,Perez,Dr.,58,93.3,156
Samuel,N,Jones,Mr.,43,86.2,174
Claudette,D,Driggs,Mrs.,29,55.1,175
Martin,D,Barrett,Mr.,43,75.2,169
Arlene,W,Helm,Ms.,65,62.3,164
Andrea,W,Smith,Mrs.,57,97.0,160
Roy,M,Williams,Mr.,73,76.0,183
Ronald,D,Adams,Mr.,69,95.4,182
Pearl,J,Burke,Mrs.,61,86.8,172
Kenny,L,Lewis,Mr.,48,109.2,173
Janet,M,Boyer,Ms.,21,88.2,157
Gary,J,Doss,Mr.,60,104.1,175
Pam,D,Roberson,Mrs.,32,103.1,174
Nicole,D,Angel,Ms.,41,91.9,158
Edward,S,Champlin,Mr.,68,70.9,185
Lona,J,Rubio,Ms.,77,76.0,150
Nellie,B,Farris,Mrs.,30,64.1,171
Maria,G,Arnold,Ms.,50,51.9,162
Frank,C,Curry,Mr.,54,76.8,170
Adolfo,H,Brown,Mr.,23,65.4,175
Karen,C,Adams,Mrs.,43,71.5,171
Thomas,R,Martinez,Mr.,36,111.4,186
Herman,M,Griffiths,Mr.,71,80.6,168
Jeffrey,M,Johnson,Mr.,85,78.0,178
Laura,H,Devinney,Mrs.,52,91.2,156
Barbara,L,McGill,Mrs.,20,75.2,163
Bryant,P,Stocker,Mr.,83,59.6,162
James,A,Mathews,Mr.,31,81.1,172
Wallace,J,Gross,Mr.,24,96.2,181
Joan,R,Lemaster,Mrs.,85,70.1,154
Elaine,J,Toro,Dr.,69,73.9,158
Mark,J,Lewis,Mr.,42,90.0,185
John,A,Thomas,Mr.,66,106.9,173
Jesse,G,Kirkpatrick,Mr.,58,64.1,168
Helen,D,Eskew,Ms.,34,90.3,168
Ashley,K,Oswalt,Mrs.,59,68.4,166
Stephen,D,Harrison,Mr.,61,71.5,174
Brandon,R,Cusick,Mr.,79,81.0,165
Myung,D,Hallman,Ms.,60,74.8,166
Pamela,K,Long,Mrs.,59,100.3,152
Marvin,L,Andrews,Mr.,44,74.2,185
Catherine,S,Warren,Ms.,52,64.7,164
Phyllis,B,Price,Mrs.,66,63.1,167
Joyce,M,Jackson,Ms.,74,95.4,163
Sylvia,M,Hsu,Mrs.,56,102.6,153
Angela,A,Scott,Mrs.,81,54.0,165
William,C,Holloway,Mr.,36,73.6,169
Amanda,H,Ross,Ms.,32,101.9,161
Grace,W,Craney,Ms.,81,57.0,158
Murray,L,Doty,Mr.,75,62.4,172
Bill,P,King,Mr.,44,65.8,188
Gregory,A,Graddy,Mr.,22,91.3,172
Floyd,J,Lutz,Mr.,41,81.4,187
Diane,I,Britt,Mrs.,50,68.0,173
Kathy,R,Mead,Ms.,44,57.0,162
Joann,M,Wyss,Mrs.,74,51.4,171
Erik,E,McDaniel,Mr.,49,87.6,171
Rachael,T,Rager,Mrs.,33,83.9,173
Richard,R,Carter,Mr.,38,82.0,168
Bryan,J,Williams,Mr.,50,95.2,188
Justin,B,Parham,Dr.,51,79.2,186
Carlo,S,James,Mr.,48,107.1,178
Patricia,M,Brennan,Mrs.,31,74.7,168
Bianca,J,Robins,Ms.,67,77.1,170
Ramona,J,Cascio,Mrs.,47,104.3,164
Antonia,B,Bellamy,Ms.,45,76.3,166
Mary,B,Wilkins,Ms.,72,89.3,164
Austin,K,Howard,Mr.,65,97.4,183
Ethel,P,Lange,Ms.,72,99.1,165
Chas,P,Holton,Mr.,56,64.5,167
Jose,J,Thomas,Mr.,71,87.5,180
Harrison,D,Davis,Mr.,41,64.2,186
Deborah,D,Sullivan,Mrs.,43,99.4,158
Cameron,K,Funk,Mr.,76,80.2,178
Margaret,F,Wilkinson,Mrs.,41,79.7,170
Kristie,A,Zamora,Mrs.,83,69.1,168
Matthew,A,Kenney,Mr.,54,79.2,166
Dennis,C,Wiese,Mr.,53,75.2,183
Jerry,J,Chenault,Mr.,79,101.8,182
James,S,Hurt,Mr.,34,110.8,180
Krystal,H,Myers,Mrs.,37,89.3,164
Robert,I,Wiebe,Mr.,76,62.9,165
Betty,M,Frederick,Ms.,39,90.6,166
Adeline,P,Furr,Mrs.,66,83.2,158
Jean,J,Gentry,Mrs.,42,96.8,160
Daniel,C,Dewalt,Mr.,66,81.7,180
Melvin,P,Yang,Mr.,25,72.9,169
Jeannette,R,Slagle,Ms.,43,50.7,163
Mark,D,Denison,Mr.,22,84.9,180
Sarah,C,Douglas,Mrs.,31,92.1,175
Glenn,K,Campbell,Mr.,80,91.3,180
Barbara,B,Barksdale,Mrs.,28,55.5,167
Robert,E,Irwin,Mr.,85,84.2,183
Paul,R,Ferrante,Mr.,57,73.5,174
Diego,H,Moss,Mr.,48,70.3,176
Thomas,N,Dale,Mr.,70,95.5,171
Jacinto,L,Grantham,Mr.,45,102.0,179
Phillip,M,Sigler,Mr.,67,106.8,169
Willie,R,Stewart,Mr.,80,79.7,165
Jason,L,Freitas,Mr.,36,63.3,183
Mario,A,Thibodeau,Mr.,80,73.9,172
Pete,A,Hewitt,Mr.,51,88.2,180
Mary,P,Miller,Mrs.,28,67.4,163
Marshall,P,Uribe,Mr.,48,105.8,179
Katherine,D,Gray,Mrs.,43,91.3,158
Claribel,I,Nelson,Mrs.,78,105.6,153
Robert,B,Thompson,Mr.,79,86.4,179
Maria,D,Wall,Mrs.,67,95.4,162
Russell,V,Martinez,Mr.,29,62.7,178
Hilton,P,Schultz,Mr.,75,68.4,173
Chad,P,Culbertson,Mr.,52,111.7,175
William,J,Brooks,Mr.,40,67.0,177
Viola,G,Beech,Ms.,19,56.9,151
Kathryn,W,Montgomery,Ms.,23,61.1,172
Jackson,J,Hightower,Mr.,33,88.9,170
Matthew,C,Fisher,Mr.,70,70.1,165
Christopher,E,Cavender,Mr.,35,97.8,185
Daniel,J,Sherman,Mr.,55,106.8,178
Joshua,J,Clanton,Mr.,78,95.8,184
Alice,R,Warren,Mrs.,42,59.4,156
Stanley,A,Seeger,Dr.,45,67.2,175
Donald,M,Munoz,Mr.,52,110.9,175
Rita,S,Nez,Ms.,37,64.5,170
Debra,E,Doyle,Mrs.,32,55.3,173
Rachel,D,Church,Mrs.,64,57.7,153
Aaron,G,Hunter,Mr.,29,103.2,172
Ronda,M,Whitaker,Ms.,19,45.0,166
Vanessa,M,Bridges,Mrs.,61,99.0,159
Steven,B,Blakley,Mr.,55,97.9,185
Brandon,K,Reed,Mr.,72,62.1,182
Monika,M,Miller,Ms.,65,66.6,154
Ray,C,McGlothin,Mr.,34,89.5,170
Donald,D,Mitton,Mr.,41,100.6,171
Johnathan,R,Miller,Mr.,24,69.0,180
Delores,S,Lee,Ms.,78,53.2,153
Viola,J,Watters,Ms.,54,82.0,162
Stephen,V,Vidal,Mr.,58,95.3,186
Tabatha,A,Montgomery,Mrs.,43,51.7,172
Donna,E,Hughes,Ms.,47,70.5,171
Scott,E,Snyder,Mr.,32,74.4,173
Charles,A,Perez,Mr.,83,81.6,178
Marla,M,Paul,Mrs.,82,75.0,165
Joselyn,J,Schaefer,Ms.,34,54.3,168
Irene,S,Corwin,Mrs.,53,82.8,172
Kathleen,R,Parente,Mrs.,26,76.0,166
Scott,I,Fitzpatrick,Mr.,78,84.3,163
Karl,H,Taylor,Mr.,39,104.6,167
Lucy,J,Moody,Mrs.,72,62.9,163
Sandra,E,Hall,Mrs.,62,85.0,152
Rachel,L,Romano,Ms.,47,84.4,168
Mary,G,Farrelly,Mrs.,55,56.4,172
Anna,L,Quick,Ms.,34,83.1,165
Steven,A,Aiken,Mr.,68,91.9,164
Reginald,P,Milton,Mr.,41,93.5,174
Devon,M,Woodman,Mr.,58,76.0,173
Arnulfo,G,Lyons,Mr.,48,110.8,186
Robert,S,Petersen,Mr.,54,78.4,178
George,L,Montague,Mr.,38,87.9,184
Brittany,W,Tackett,Ms.,37,53.5,158
Theresa,J,Jennings,Mrs.,45,98.9,157
Angela,R,Levine,Ms.,44,57.3,166
Goldie,T,Johnson,Ms.,48,95.9,170
Donald,E,Coll,Mr.,45,69.7,177
Jose,D,Hargrave,Mr.,74,86.0,181
Nancy,J,Bernardo,Ms.,24,52.2,155
Gertrude,J,Laprade,Ms.,31,51.2,163
Julian,A,Riccardi,Mr.,72,64.9,163
Antoine,B,Goheen,Mr.,78,98.2,165
Patrick,R,Wilkins,Mr.,41,114.4,173
Amparo,J,Rosen,Ms.,25,54.0,154
Helen,R,Johnson,Ms.,65,85.2,171
Craig,A,McCoy,Mr.,22,86.2,182
Melinda,C,Allen,Ms.,50,69.3,170
Betty,C,Stanton,Ms.,69,54.8,151
Aida,E,Bradford,Mrs.,40,66.2,161
Timothy,H,Youngblood,Mr.,50,72.6,171
Joanna,W,Wood,Mrs.,71,53.5,157
Raymond,K,Wilson,Mr.,32,89.2,189
Gerald,D,Stapleton,Mr.,57,94.6,170
Maria,W,Reynolds,Ms.,41,58.3,154
Brian,E,Caouette,Mr.,75,100.3,182
Bobbi,G,Wilson,Mrs.,71,95.0,170
Mary,N,Lewis,Mrs.,53,83.8,167
Grant,J,Jones,Mr.,70,94.4,177
Rita,D,Leonard,Mrs.,68,57.8,169
Todd,P,Velez,Mr.,62,109.7,171
Loretta,C,Keil,Mrs.,32,62.3,165
Joseph,E,Ramirez,Mr.,77,75.2,175
Hilda,M,Moon,Mrs.,29,62.4,154
Michael,B,Thompson,Mr.,30,101.8,175
Frances,R,Campbell,Ms.,41,92.9,163
Chad,M,Hairston,Mr.,29,80.3,190
Otis,V,Brown,Mr.,66,85.5,165
Hazel,G,Wilson,Mrs.,59,103.7,163
Dustin,N,McGinnis,Mr.,84,62.0,167
Stephanie,L,Smith,Mrs.,23,84.3,174
Richard,P,Reily,Mr.,69,82.6,184
Russell,D,McCloskey,Mr.,69,80.6,175
Patricia,R,Evans,Mrs.,65,97.9,166
Dorothy,I,Wallace,Ms.,64,85.3,153
Ashley,M,Taylor,Ms.,83,68.7,163
Joseph,D,Ragland,Mr.,74,101.8,166
James,K,Obrien,Mr.,32,88.4,178
Perry,C,Sotelo,Mr.,26,82.0,178
Opal,R,Castro,Ms.,81,68.1,159
Donald,K,Burkey,Mr.,57,95.3,182
Shirley,R,Moretti,Ms.,64,54.3,164
Pamela,B,Ward,Mrs.,71,66.5,156
Tammie,R,Deason,Mrs.,19,51.8,155
Lee,R,Elizondo,Mr.,52,67.3,185
Brandy,J,Johanson,Mrs.,69,96.4,166
Sara,J,Davis,Mrs.,57,61.7,152
Leroy,K,Clanton,Mr.,22,98.7,183
Grace,G,Ralph,Mrs.,82,84.6,160
Daniel,M,Foster,Mr.,82,59.0,179
Denise,J,Wagner,Ms.,41,51.7,160
Louella,B,Greene,Ms.,85,70.2,155
Leah,J,Snyder,Ms.,42,80.1,165
Rafael,J,Moon,Mr.,74,73.0,165
Mary,A,McClure,Mrs.,45,53.2,160
Jack,F,Todd,Mr.,76,68.0,172
Nelson,L,Hitchens,Mr.,77,67.8,167
Jasmine,G,Wright,Mrs.,83,92.2,158
Wesley,G,Keller,Mr.,67,72.4,177
Andrew,J,Johnson,Mr.,50,86.2,177
Cleveland,S,Peete,Mr.,40,108.7,184
David,S,Latta,Mr.,83,79.4,180
Tyrone,R,Clifford,Mr.,27,60.8,176
Fred,B,Herrin,Mr.,50,80.0,179
David,P,Patnode,Mr.,66,78.5,177
David,V,Rush,Dr.,56,78.9,168
Kevin,B,Holder,Mr.,21,109.0,168
Christopher,J,Foley,Mr.,45,109.8,171
James,E,Smith,Mr.,24,59.5,173
Brianna,I,Campbell,Ms.,41,59.0,171
Timothy,K,Weiner,Mr.,25,102.2,181
Steven,D,Toth,Mr.,82,81.7,178
Erma,C,Harbison,Mrs.,51,92.7,158
Myriam,R,Miller,Mrs.,85,57.7,157
Debbie,D,Patton,Ms.,69,86.6,151
Norma,R,Jones,Ms.,67,98.1,159
Marcus,J,Hoke,Mr.,78,74.8,183
Francesco,B,Horta,Mr.,57,102.6,179
Bruce,A,Urban,Mr.,71,92.7,170
Rick,L,Days,Mr.,78,80.3,176
Vera,M,Desai,Mrs.,53,60.6,166
Rebecca,L,Kinser,Dr.,23,80.5,162
Josephine,W,Faris,Mrs.,83,86.4,154
Jimmy,D,Beiler,Mr.,70,73.7,185
Dennis,C,McKee,Mr.,72,82.6,174
Jerry,C,Tyler,Mr.,38,63.8,182
George,K,Laufer,Mr.,70,86.2,174
Archie,W,Moon,Mr.,38,100.1,177
Gregory,B,Brown,Mr.,24,64.8,184
Matt,A,Scott,Mr.,46,108.3,169
Maurice,K,Scott,Dr.,78,89.0,176
Esther,W,Barbara,Mrs.,60,76.9,164
Steven,C,Woolery,Mr.,19,54.5,179
Austin,K,Buchanan,Mr.,45,85.5,172
Leonard,N,Robinette,Mr.,66,67.8,171
Robin,C,Friedman,Ms.,50,63.5,160
Sana,G,Eubanks,Ms.,58,71.2,172
Edna,M,Wilt,Mrs.,38,95.0,166
Theresa,D,Watson,Ms.,22,74.8,173
Doris,J,Yu,Mrs.,74,70.6,161
Kristi,M,Sommers,Mrs.,41,60.9,171
Lucille,E,Anderson,Mrs.,58,82.5,154
Lina,D,Turner,Mrs.,42,102.3,167
Cameron,L,Owens,Mr.,59,77.9,187
Pedro,R,Foster,Mr.,61,68.7,178
Dorothy,C,Wick,Ms.,65,90.5,170
Melissa,G,Henriksen,Ms.,61,69.8,169
Robert,M,Howell,Mr.,73,66.4,179
Doris,K,Trout,Mrs.,38,55.5,164
Joshua,B,Kaiser,Mr.,64,101.1,182
Christi,G,Josey,Mrs.,38,63.7,167
James,A,Garland,Mr.,80,95.5,163
Jimmy,M,Halvorsen,Dr.,66,106.6,164
Emma,J,Lane,Ms.,70,89.4,157
Ryan,M,Singleton,Mr.,63,62.0,171
Nina,D,Tobin,Ms.,47,99.5,163
Randall,S,Uhl,Mr.,61,75.8,176
George,R,Leigh,Mr.,50,93.7,177
Rosa,S,Burbank,Ms.,85,49.2,169
Felicia,T,Vazquez,Mrs.,32,78.0,160
Gary,S,Baskin,Mr.,40,80.5,167
Tracey,B,Palmatier,Mr.,57,75.5,174
Joanne,E,Strickland,Mrs.,58,98.2,156
Margaret,C,Logue,Mrs.,34,90.8,172
Jeffrey,K,Barrett,Mr.,34,110.3,177
Deborah,E,Zumwalt,Ms.,51,93.5,155
Sonia,D,Hernandez,Mrs.,23,55.8,156
Bethany,B,Moore,Mrs.,31,58.7,169
Elmer,D,Alexander,Mr.,85,89.5,171
Clifford,R,Daniels,Mr.,21,59.8,179
Janet,J,King,Ms.,55,95.5,153
Brandon,L,Laureano,Mr.,78,76.2,168
Fred,S,Bass,Mr.,30,110.6,189
Brian,J,Tiger,Mr.,28,75.6,175
Deborah,F,Sutton,Ms.,53,82.1,172
Scott,J,Rosenfeld,Mr.,33,108.1,180
Josephine,M,McDonald,Ms.,19,82.3,156
Mary,J,Johnson,Ms.,28,56.0,160
Percy,D,Nash,Mr.,20,96.6,188
Dustin,I,Lewis,Mr.,71,99.0,178
Elena,L,Nordin,Ms.,80,52.3,168
Alison,G,McCreary,Mrs.,28,52.9,158
Ronald,L,Torres,Mr.,58,98.4,183
Steven,E,Myers,Dr.,66,66.8,171
Michael,T,Schuler,Mr.,38,100.7,174
Michael,E,Falcone,Mr.,38,78.0,176
Michael,N,Massingill,Mr.,84,86.9,176
Joan,J,Chapman,Ms.,64,60.1,172
David,C,Venegas,Mr.,74,83.5,183
Alesia,C,Cameron,Ms.,74,86.4,171
Leroy,L,Tiger,Mr.,65,76.8,173
Amy,R,Sandberg,Mrs.,47,86.3,157
Ned,V,Shelton,Mr.,23,109.3,184
Laura,W,McCoy,Ms.,52,55.9,165
Debra,J,Krueger,Ms.,51,104.7,173
Stephen,C,Kendall,Mr.,39,84.0,181
Jennifer,J,Davis,Ms.,64,75.7,156
Merry,R,Henry,Ms.,75,87.9,154
Leonard,S,Wilson,Mr.,65,93.0,173
Philip,C,Suarez,Mr.,35,92.3,183
Evan,D,Romero,Mr.,54,115.4,183
Donald,B,Holman,Mr.,23,90.2,178
Carol,A,Odoms,Ms.,22,60.7,163
Willis,J,Galvez,Mr.,66,74.5,175
Winifred,W,Williamson,Ms.,56,96.7,165
Ruth,A,Hatcher,Ms.,47,80.7,168
Anna,D,Jackson,Ms.,19,70.9,171
David,L,Fisher,Mr.,35,75.0,182
Raymond,M,Grasso,Mr.,45,86.3,185
Drew,S,Trudell,Mr.,76,59.4,182
Angel,M,Caldwell,Ms.,31,70.8,168
Rhoda,W,Shea,Ms.,61,59.0,155
Kenneth,A,Kelly,Mr.,19,68.6,190
Jack,R,McMaster,Mr.,47,88.2,182
Frances,J,Callaway,Mrs.,25,54.8,157
Kathleen,G,Peel,Ms.,36,78.3,172
Bessie,J,Brito,Mrs.,43,80.2,164
Eva,R,McGeorge,Ms.,72,61.6,159
Maria,L,Stewart,Ms.,77,72.9,150
Randolph,K,Drew,Mr.,19,63.5,190
Jeff,C,Williams,Mr.,41,94.0,185
Erica,S,Thornton,Mrs.,43,69.2,169
Juana,A,Gallagher,Mrs.,84,73.8,155
Harry,J,Maloy,Mr.,21,77.7,179
Willie,D,Andreasen,Mr.,62,88.4,174
Deidra,C,Cornelius,Ms.,60,98.6,171
Cynthia,J,Gorby,Ms.,31,56.9,163
Johnny,W,Jones,Mr.,57,106.3,185
Carol,G,Dickenson,Ms.,34,96.2,169
Dustin,S,Martinez,Mr.,45,97.2,181
Wanda,J,Allen,Ms.,78,62.2,153
Sarah,J,Michaelson,Mrs.,38,57.1,160
Marjorie,J,Divers,Mrs.,21,88.7,155
Kathryn,E,Minich,Ms.,19,78.6,154
Kathy,R,Albert,Ms.,42,97.8,162
Rocco,C,Kyle,Mr.,22,88.6,171
Gail,J,Smith,Dr.,25,66.5,155
Nidia,D,Webber,Ms.,37,96.2,172
Nathan,D,Gaffney,Mr.,73,99.7,176
Bob,M,Hine,Mr.,31,108.5,189
Sarah,F,Hockenberry,Mrs.,82,83.9,168
Shane,C,Harris,Mr.,23,67.4,178
Edwin,J,Llewellyn,Dr.,43,100.5,180
David,J,Morgan,Mr.,53,104.4,169
Shari,A,James,Mrs.,52,57.1,154
Jason,M,Covell,Mr.,75,71.5,163
Eleanor,W,Russell,Ms.,22,57.7,158
Michael,F,Huck,Mr.,67,99.0,175
Ray,M,Rose,Mr.,38,90.1,173
Sarah,E,Taylor,Mrs.,57,58.0,152
Sara,D,Pigford,Mrs.,68,98.0,162
Anthony,B,Hargis,Mr.,45,67.1,189
Angella,D,Germann,Mrs.,67,73.6,168
Thomas,M,Mickle,Mr.,58,65.0,167
Patricia,S,Smith,Mrs.,35,80.5,155
Adam,N,Taylor,Mr.,44,109.0,188
Deandre,T,Kiely,Mr.,85,80.4,181
Michael,J,Johnson,Mr.,46,100.8,188
Taryn,J,Bach,Mrs.,51,90.6,164
Teresa,C,Work,Ms.,57,65.0,164
Pablo,E,Matlock,Mr.,64,97.0,171
Amy,J,Briones,Ms.,30,56.1,169
Susan,J,Costanzo,Mrs.,65,75.2,156
Rochelle,A,Hoffman,Mrs.,80,76.6,167
Albert,J,Lucas,Mr.,22,64.5,174
Barbara,M,Horning,Ms.,28,95.5,158
Dana,D,Poole,Mr.,34,81.2,189
Evelyn,C,Sweeten,Ms.,83,53.4,169
Charles,L,Huddleston,Mr.,55,96.2,188
Brian,A,Carpenter,Mr.,75,103.3,164
Alice,D,Sloan,Mrs.,27,100.4,168
Douglas,B,Hankins,Mr.,23,91.8,169
Christopher,P,White,Mr.,39,100.0,178
Anthony,B,Baird,Mr.,50,99.7,167
Mario,C,McCown,Mr.,29,76.9,174
Jimmy,L,Jerkins,Mr.,31,99.0,180
Agnes,T,Williams,Ms.,23,46.7,155
Eda,M,Vasquez,Mrs.,39,81.6,160
Victor,J,Calderon,Mr.,29,86.9,184
Johnny,M,Digby,Mr.,77,64.7,167
Nichole,H,McKechnie,Mrs.,65,68.3,168
Whitney,C,Hughes,Mrs.,21,68.1,170
Marie,B,Ellington,Dr.,54,74.1,161
Gloria,R,Avendano,Ms.,58,63.8,164
Kathy,J,Favreau,Ms.,33,84.7,174
Barb,D,Unger,Mrs.,63,73.8,163
Mary,D,Parisi,Mrs.,29,74.4,156
Pamela,T,Casavant,Ms.,57,74.6,167
Cortney,J,Willis,Ms.,73,93.4,170
Gary,D,Birchfield,Mr.,22,107.1,190
Maryann,S,Ferris,Ms.,45,55.7,158
Anthony,P,Williamson,Mr.,84,79.8,170
Brett,L,Eads,Mr.,61,104.9,179
Carmela,M,Lacour,Mrs.,53,102.6,169
Meaghan,J,Chevez,Mrs.,35,89.2,174
Harold,S,Buchanan,Mr.,49,95.6,174
Terrance,J,Brown,Mr.,68,76.1,169
Ralph,I,Owens,Mr.,79,97.8,184
Gregory,J,Moore,Mr.,71,74.7,163
Sandra,N,Brown,Mrs.,47,97.5,171
James,P,Wilson,Mr.,81,60.5,174
Genaro,D,Dardar,Mr.,63,83.0,165
Donald,L,Branton,Mr.,36,97.6,189
Brent,Y,Hubbard,Mr.,41,95.0,185
Charla,J,Vargas,Mrs.,56,96.8,152
Fred,B,Warren,Mr.,72,92.7,178
Jesus,C,Holder,Mr.,60,99.7,177
Arthur,T,Kennedy,Mr.,31,92.6,180
James,B,Diaz,Dr.,35,80.5,168
James,V,Prejean,Mr.,75,89.8,176
Ana,T,Chance,Ms.,41,51.9,154
Mary,T,Lathrop,Ms.,75,64.1,165
Florene,B,Lowe,Ms.,70,88.6,153
Anthony,M,Clayton,Mr.,55,101.1,166
Walter,E,Hanson,Mr.,61,70.8,170
Victor,T,Dimarco,Mr.,73,81.0,178
Harold,S,Underwood,Mr.,67,80.1,166
Rochelle,K,Williams,Ms.,30,84.8,165
Richard,J,Carlson,Mr.,27,62.0,189
Edith,T,Herrin,Mrs.,81,82.9,162
Rosemarie,J,Strawser,Mrs.,68,97.4,171
Leticia,R,Emerson,Mrs.,27,67.0,174
Stephen,R,Miner,Mr.,20,77.3,182
Hazel,J,Stoltz,Ms.,74,91.6,167
Carolyn,F,Neuman,Ms.,46,95.1,156
Charles,S,Burns,Mr.,38,76.6,184
Debrah,K,Shifflett,Mrs.,24,52.7,167
Rose,A,Wolfram,Mrs.,49,101.6,169
Susan,J,Bolton,Ms.,48,54.3,159
Lovie,P,Abbott,Ms.,27,75.9,170
Rosa,D,Scott,Ms.,61,73.4,158
Fern,J,Case,Mrs.,25,78.4,155
John,P,Olson,Mr.,70,105.7,181
Marilyn,J,Reed,Ms.,39,64.7,164
Helen,T,Peters,Mrs.,47,66.2,172
Justin,A,Jenkins,Mr.,24,72.2,185
Walter,L,Sellers,Mr.,40,106.7,189
James,J,Bailey,Mr.,29,91.0,187
Hazel,S,Bolling,Mrs.,61,90.2,154
Willie,N,Chavarria,Mr.,43,70.5,188
William,M,Ricci,Mr.,24,66.9,177
Clayton,C,Maynard,Mr.,61,73.1,165
Darryl,J,Burgess,Mr.,82,62.8,171
Joseph,L,Brown,Mr.,25,56.7,180
Eva,E,Penner,Ms.,33,67.0,167
Kenneth,C,Reese,Mr.,64,98.9,173
Eric,E,Prince,Mr.,26,105.3,187
Eugene,L,Cohen,Mr.,48,70.5,176
Walter,M,Pomeroy,Mr.,33,99.8,182
Erica,T,Bundy,Ms.,21,66.2,162
Frank,N,Erikson,Mr.,38,63.9,184
Stephen,V,Hadden,Mr.,23,105.9,173
Mae,J,McGrath,Mrs.,36,62.2,155
Regina,N,McDonald,Mrs.,31,84.0,172
Richard,A,Hill,Mr.,27,108.4,179
Julia,G,Hopkins,Ms.,64,82.5,154
Rebecca,R,Palmer,Mrs.,33,82.1,175
Geraldine,E,Garrett,Mrs.,73,65.8,165
Cathryn,S,Funes,Mrs.,52,89.3,162
Elijah,C,Hanson,Mr.,59,108.7,170
Luis,J,Bryce,Mr.,81,78.3,162
Loretta,T,Benson,Ms.,62,67.9,169
Nathan,R,Fox,Mr.,37,92.0,173
Mary,T,Locke,Mrs.,55,96.0,172
Erasmo,A,Coffey,Mr.,22,102.1,169
Eloise,C,Ramos,Mrs.,76,99.9,169
Marvin,I,Nova,Mr.,29,110.1,172
Hassan,C,Benefield,Mr.,24,57.5,181
Brian,M,Watson,Mr.,64,104.3,184
Maria,J,McAlpin,Mrs.,50,70.2,162
Nathan,J,Harrison,Mr.,21,84.1,188
Joshua,A,Bolyard,Mr.,34,88.8,170
Joseph,M,Reichman,Mr.,41,97.1,169
Grace,M,Romano,Ms.,34,79.6,175
Melvin,A,Talley,Mr.,32,108.4,188
Mary,J,Delgado,Ms.,47,56.2,173
Danny,M,Brown,Mr.,46,99.2,186
Mary,S,Bridgeman,Ms.,53,53.0,174
Jorge,M,Bowen,Mr.,71,65.2,176
Christina,W,Volz,Ms.,71,58.3,151
James,A,Snapp,Mr.,40,93.8,181
Judith,J,Juarez,Ms.,61,94.2,166
Sarah,J,Whaley,Ms.,79,52.2,161
Patricia,M,Wright,Mrs.,69,83.8,164
Angela,A,Riley,Mrs.,71,63.8,152
Mark,B,Holmes,Mr.,47,99.3,182
Hugh,S,Jones,Mr.,69,77.6,173
Chandra,N,Cook,Ms.,23,82.3,168
James,D,Burke,Mr.,85,89.1,172
Paul,N,Peterson,Mr.,52,94.9,188
Jennifer,R,Gaines,Ms.,24,83.6,163
Luann,R,Eckman,Mrs.,23,49.5,173
Janet,S,Gagnon,Mrs.,68,54.5,166
Heath,R,Gass,Mr.,75,93.0,169
Peter,C,Taylor,Mr.,57,83.2,176
Bryan,M,Hall,Mr.,34,81.1,170
Sarah,W,Garzon,Mrs.,43,92.6,169
Dana,J,Green,Mrs.,32,61.9,161
Kimberly,C,Johnson,Ms.,36,84.2,164
Robert,N,Hernandez,Mr.,53,114.5,182
Patrice,J,Reese,Ms.,63,74.8,158
Thomas,C,Christensen,Mr.,39,106.7,188
Edmond,M,Cahoon,Mr.,82,80.3,167
Shannon,R,Melendez,Mrs.,75,74.7,158
Yvette,H,Martinez,Ms.,41,99.8,154
Charles,L,Watson,Mr.,31,88.3,187
Bobby,M,Rubio,Mr.,82,86.2,171
Miguel,K,Loyola,Mr.,52,91.4,173
Michael,M,Button,Mr.,24,104.7,178
Louise,D,Cook,Ms.,49,88.2,159
Celina,P,Durden,Ms.,50,72.0,154
Ricardo,B,Nicholson,Mr.,77,71.6,175
William,D,Smith,Mr.,32,94.1,175
Jacqueline,W,Buck,Ms.,42,61.5,169
Marie,C,Zimmerman,Ms.,76,64.9,162
Gracie,A,Wilt,Mrs.,56,91.4,170
Adam,L,Goudy,Mr.,70,93.2,165
Frances,R,Vaughn,Mrs.,36,64.3,169
Lucille,G,Williams,Ms.,63,82.0,159
Michael,M,Turner,Mr.,72,79.8,178
Cecil,E,Long,Mr.,39,76.4,182
Chris,L,Henderson,Mr.,23,106.5,177
Joan,J,Garcia,Ms.,82,75.7,155
Garry,S,Goo,Mr.,45,67.2,176
Henry,C,Dollinger,Mr.,52,73.7,177
Bradly,C,Washington,Mr.,57,104.5,171
Maggie,N,Wilson,Ms.,75,58.6,171
Myrtle,B,Mitchell,Mrs.,40,51.6,164
Carl,C,Nash,Mr.,49,100.4,172
Todd,M,Ladner,Mr.,60,110.8,182
Rita,D,Stroud,Ms.,66,65.3,162
Christopher,K,Nicoll,Mr.,59,87.1,180
Nellie,J,Jenkins,Ms.,35,79.2,173
Richard,A,Rodriguez,Mr.,77,80.1,171
Leroy,A,Powell,Mr.,73,99.7,178
Jennifer,J,Tabarez,Mrs.,29,63.0,166
Crissy,M,Case,Mrs.,79,79.5,164
Frank,K,Wilson,Mr.,32,103.8,183
Ione,L,Huckins,Mrs.,41,73.7,162
Betty,D,Parker,Mrs.,74,58.7,168
Elaine,M,Gonzalez,Ms.,43,58.9,160
Jane,J,Hall,Mrs.,55,68.0,168
Connie,S,Morris,Mrs.,35,57.7,157
Vernon,L,Price,Mr.,43,89.9,177
Mina,B,Simon,Ms.,62,71.6,169
Doris,E,Marshall,Mrs.,58,78.9,173
Daniel,C,Huskey,Mr.,62,65.8,171
Erin,L,White,Mrs.,59,81.4,161
David,C,Lewis,Mr.,41,75.1,169
John,R,Hart,Mr.,72,95.2,168
Adaline,J,Talley,Mrs.,62,61.3,156
Eugene,S,Bartlow,Mr.,26,69.1,187
Laura,P,Butts,Mrs.,61,96.3,170
Helga,G,Nieto,Mrs.,36,91.9,156
Shawn,A,Gipson,Dr.,35,109.0,182
Bonnie,D,Lounsbury,Mrs.,24,95.3,161
Jeffrey,V,Lovely,Mr.,83,79.0,169
Shawn,K,Todd,Mr.,27,111.6,175
Doris,W,Fraser,Mrs.,51,104.2,153
Ronald,L,Payne,Mr.,45,77.4,188
Danielle,J,Shackelford,Mrs.,35,80.4,172
Michael,B,Dunn,Mr.,27,75.9,188
Peter,C,Wilson,Mr.,84,85.0,167
Scott,G,Mitchell,Mr.,44,67.8,172
Daniel,V,Bailey,Mr.,65,106.7,185
Darline,J,Winget,Ms.,52,93.7,166
Crystal,A,Hogan,Ms.,42,64.8,162
Kathryn,R,Doan,Ms.,61,61.8,172
William,N,Joseph,Mr.,31,104.6,176
Sheldon,C,Walker,Dr.,60,90.4,169
Rosalia,S,Johnson,Mrs.,37,79.6,157
Tonya,R,Stewart,Mrs.,24,77.3,164
Elaine,F,Daniel,Ms.,69,87.0,151
Bobby,M,Comerford,Dr.,24,73.2,188
Erin,S,Martz,Mrs.,68,72.9,153
Philip,M,Benson,Mr.,37,104.0,176
Annie,V,Stewart,Ms.,55,78.6,171
William,S,Smallwood,Mr.,27,93.1,177
Ricky,B,Cunningham,Mr.,53,105.9,171
Tim,L,Gonzalez,Mr.,64,76.8,178
Jose,T,Armstrong,Mr.,46,89.4,174
Thomas,R,Patterson,Mr.,26,112.0,185
Tammy,G,Lopez,Mrs.,49,76.9,153
Shirley,H,Morales,Ms.,63,77.0,152
Elisa,R,Thomas,Ms.,19,71.0,166
Andrew,B,Gamble,Mr.,81,63.3,162
Eric,L,Randall,Mr.,35,103.3,183
Tanika,A,Connolly,Ms.,81,54.4,169
Edith,S,Jones,Mrs.,49,52.3,158
Maria,J,Knowles,Mrs.,72,65.7,156
Betty,T,Pineiro,Mrs.,73,80.7,170
James,B,Thompson,Mr.,39,100.0,168
Eliza,H,Tedesco,Ms.,68,99.2,156
Leota,M,Tidwell,Ms.,45,73.5,160
Pamela,T,McKinnon,Mrs.,75,75.9,161
Ben,L,Williams,Mr.,42,101.0,186
Tonya,R,Brandt,Ms.,54,82.0,163
Timothy,V,Dunlap,Mr.,38,67.0,187
Jerry,L,Acosta,Mr.,27,70.9,180
Lauren,B,Turner,Mrs.,43,92.4,166
Dennis,L,Cerda,Mr.,72,66.3,179
Donald,M,Thompson,Mr.,20,91.7,187
Pamela,J,Cotten,Ms.,64,65.9,154
Bernard,E,Lundy,Mr.,68,84.1,174
Brandy,I,Glanz,Mrs.,29,91.0,156
Marcus,K,Davis,Mr.,58,105.6,168
Roy,G,Benjamin,Mr.,84,90.8,170
Mark,A,Miller,Dr.,31,70.9,177
Shawn,M,Ford,Mr.,65,81.4,172
Curtis,L,Stanton,Mr.,42,79.5,179
Phillip,R,Pena,Mr.,53,88.2,171
Grace,Z,Wigfall,Ms.,69,84.4,164
Cynthia,W,Fitzpatrick,Ms.,83,67.2,169
Steven,F,Hobbs,Mr.,46,77.8,185
Charles,G,Burke,Mr.,61,100.1,185
Michael,A,Wheeler,Mr.,77,92.6,181
Michael,P,Colon,Mr.,33,91.2,172
Bridget,R,Robinson,Ms.,57,76.5,168
Preston,K,Byrne,Mr.,61,73.2,167
Lucille,E,Perez,Mrs.,59,59.8,171
Robert,M,Hoagland,Mr.,80,88.7,172
Samuel,B,Conklin,Mr.,41,112.7,187
Dustin,A,Acuff,Mr.,50,115.5,173
Barry,C,Kipp,Mr.,84,66.1,180
Matthew,A,Jordan,Mr.,60,75.9,170
Edythe,R,Willis,Ms.,61,90.5,154
Henry,A,Kincaid,Mr.,59,80.7,183
James,M,Hunt,Mr.,78,62.3,166
Mary,R,Brooks,Ms.,32,69.0,154
David,F,Cox,Mr.,72,90.7,181
Sharon,J,Bruce,Mrs.,26,77.1,169
Stephen,A,Richardson,Mr.,84,69.6,177
Andy,M,Mong,Mr.,48,76.7,181
Joan,J,Bushee,Mrs.,62,86.0,155
Annette,D,Browning,Mrs.,30,102.0,166
Donald,M,Camacho,Mr.,61,103.9,179
Miguel,B,Wehmeyer,Mr.,82,81.4,179
Thelma,R,Whitehead,Mrs.,46,98.3,165
Casey,M,Eddy,Mr.,33,103.9,185
Penelope,L,Lynch,Ms.,34,85.8,157
Neal,M,Mazzone,Mr.,47,115.8,180
Herbert,L,Tirado,Mr.,20,81.0,182
Amy,J,Cox,Mrs.,54,100.2,171
Elisa,G,Esquivel,Mrs.,23,58.3,157
Leon,B,Correa,Mr.,32,92.2,190
Frances,P,Vizcarrondo,Mrs.,63,88.9,164
Lois,W,Alley,Dr.,60,54.4,164
Alonzo,C,Farmer,Mr.,44,98.4,182
Michael,M,Whipple,Mr.,72,67.2,167
Jason,M,Devine,Mr.,48,93.8,185
Mary,D,Andrews,Mrs.,84,75.4,151
Bob,M,Collins,Mr.,63,71.3,168
Ella,E,Garza,Ms.,69,83.1,170
Steven,P,Scott,Mr.,65,106.4,178
Regina,W,Zapata,Ms.,72,81.4,170
Carol,D,Cantrell,Mrs.,53,77.5,174
David,M,Anderson,Mr.,74,73.7,181
Alfred,C,Poole,Mr.,67,78.9,180
Sandra,C,Lanham,Ms.,34,58.9,157
Dennis,P,Rodriguez,Mr.,51,101.0,179
Dinorah,E,Arrington,Ms.,84,54.5,151
Dorothy,T,Sharp,Ms.,75,75.6,154
Julie,G,Campbell,Mrs.,83,64.2,164
Helen,B,Walters,Ms.,39,53.9,157
Ronnie,M,Florence,Mr.,80,63.2,163
Barbara,D,Robinson,Ms.,47,87.3,164
Ramona,G,Almendarez,Ms.,31,92.6,166
Joann,D,Canfield,Mrs.,51,93.7,164
Natalie,M,Hinkley,Mrs.,33,102.4,164
Michael,L,Burgess,Mr.,77,77.0,165
Keith,L,Clay,Mr.,19,55.1,168
Rene,C,Farina,Mr.,34,89.5,189
Sergio,J,Ortega,Mr.,32,79.0,178
Robert,L,Clark,Mr.,77,96.2,180
Bonnie,R,Falcon,Mrs.,75,55.6,163
Carol,J,Lee,Dr.,63,70.4,166
Paul,J,Liedtke,Mr.,27,81.8,186
Jody,J,Gowen,Mrs.,74,65.1,159
Jonathan,B,Twilley,Mr.,63,111.2,168
Leslie,L,Thomas,Ms.,49,54.6,157
Sharon,J,Patterson,Ms.,39,93.2,164
Maria,T,Hocking,Ms.,44,78.7,158
Michael,S,Daily,Mr.,23,86.2,187
Vincent,P,Harker,Mr.,20,70.1,171
Alonso,K,Baca,Mr.,24,68.5,176
Erma,D,McDowell,Ms.,23,83.5,170
Debbie,J,Johnson,Mrs.,23,53.9,169
Christopher,E,Ingram,Dr.,71,95.1,168
Barbara,R,Thao,Ms.,66,69.7,160
Robert,H,Hale,Mr.,76,66.4,172
Julia,T,Bell,Ms.,37,58.5,171
Michael,P,Zambrana,Mr.,43,116.6,184
Angela,S,Evans,Ms.,61,60.8,168
Stephen,Y,Cowan,Mr.,55,81.8,176
Nancy,R,Pratt,Mrs.,34,81.5,158
Howard,A,Page,Mr.,64,80.5,175
Donna,J,Hollman,Ms.,37,51.1,158
Joe,C,Engle,Mr.,57,88.7,172
Marlene,C,Girardi,Ms.,63,65.0,160
Barbara,D,Prahl,Mrs.,36,98.0,163
Inez,D,Oakes,Ms.,48,98.3,163
George,C,Moore,Mr.,77,69.1,180
Trisha,J,Marcum,Mrs.,85,76.9,156
Natasha,B,Woodward,Mrs.,24,70.7,166
Peggy,J,Wheeler,Ms.,36,82.1,172
Barton,S,Kastner,Mr.,52,96.3,174
Mary,B,McKie,Mrs.,33,53.8,158
Walter,M,Belanger,Mr.,27,108.7,179
Mary,R,Suarez,Ms.,43,59.3,171
Ann,C,Neill,Mrs.,59,61.9,167
Michael,C,Embry,Mr.,76,78.9,184
Martin,K,Dunn,Dr.,42,100.8,175
Wilson,D,Irwin,Mr.,64,77.0,174
Michelle,W,Lopez,Mrs.,81,79.5,166
Gregory,K,McCartney,Mr.,80,60.4,162
David,F,Ricca,Mr.,75,62.5,177
Amanda,H,Moore,Ms.,41,67.3,174
Jackie,J,Purpura,Mrs.,52,102.6,171
Lauren,N,Carter,Mrs.,23,86.3,172
Dustin,T,Conway,Mr.,51,79.7,176
Julia,F,Walls,Ms.,34,61.6,157
John,L,Bond,Mr.,29,91.1,176
Colleen,T,Tipton,Mrs.,60,61.7,159
Jerald,T,Gould,Mr.,82,81.2,182
Alex,H,Carson,Mr.,80,85.7,170
Amy,M,Whitworth,Mrs.,61,98.2,152
Sarah,J,Taylor,Mrs.,36,73.1,154
Ben,D,Meigs,Mr.,33,77.4,189
Elmer,S,Smothers,Mr.,24,64.7,169
Carolyn,F,Goss,Mrs.,53,98.1,158
Marie,R,Burley,Ms.,60,97.0,156
Jerry,C,Head,Mr.,83,96.5,176
William,E,Bliss,Mr.,34,98.7,168
Thomas,L,Rouillard,Mr.,34,80.2,170
Dreama,W,Francisco,Ms.,73,78.2,151
Edith,K,Russell,Mrs.,26,70.8,157
Robert,T,Rivas,Mr.,21,73.6,178
Modesta,D,Widger,Ms.,50,104.7,168
Daniel,D,Carr,Mr.,19,69.2,165
Blair,K,Stuart,Mrs.,62,85.4,162
Martha,C,Hewett,Ms.,69,86.9,161
Brittany,B,Crawford,Ms.,40,90.1,172
Jerome,B,Kight,Mr.,66,105.2,174
Migdalia,J,Daugherty,Mrs.,74,74.9,156
James,A,Mendez,Mr.,27,100.0,181
Stephanie,M,Santos,Ms.,53,52.4,154
Matthew,A,Carlson,Mr.,31,62.0,184
James,B,Luken,Mr.,42,106.5,174
James,D,Wilson,Dr.,50,82.3,187
Albert,N,Welch,Mr.,35,106.5,190
Barbara,R,Kress,Mrs.,64,98.4,171
Frances,B,Evans,Mrs.,49,77.3,159
Lee,R,Simon,Mr.,56,72.7,173
James,E,Miller,Mr.,79,63.3,176
Leslie,S,Davidson,Mr.,27,76.3,184
Colleen,W,Baker,Mrs.,37,83.4,158
Marcella,J,Estes,Ms.,19,58.2,158
Jason,M,Erdmann,Mr.,83,102.5,169
Joyce,M,Roehl,Ms.,32,66.5,156
Angela,F,Young,Ms.,62,74.2,157
Teresa,D,Brown,Ms.,78,95.3,169
Tammy,T,Coppedge,Mrs.,67,55.9,156
Andrew,D,Carey,Mr.,56,87.7,171
Vincent,N,Brewton,Mr.,20,67.0,181
James,S,Miles,Mr.,76,100.2,165
Randy,S,Levy,Mr.,20,59.8,181
Carolyn,T,Christian,Ms.,28,74.5,161
Sandra,A,Martin,Mrs.,48,73.5,162
Aldo,R,Conner,Mr.,19,72.7,184
Christa,D,Carson,Mrs.,74,82.3,164
Timothy,P,Anderson,Mr.,39,90.7,181
Patrick,E,Flournoy,Mr.,78,82.3,170
Bob,B,Caldwell,Mr.,50,71.1,182
Clifford,R,Latham,Mr.,57,112.9,176
John,C,Barnett,Mr.,76,65.7,182
Ethel,E,Burke,Mrs.,74,52.6,171
Paul,A,Greenawalt,Mr.,79,97.3,166
Peggy,J,Vetter,Ms.,75,83.2,168
Carolyn,J,Quon,Ms.,64,59.1,163
Melissa,R,Ward,Ms.,25,60.0,159
Lisa,D,Nichols,Mrs.,66,82.6,165
Delores,J,Herman,Ms.,58,91.6,163
Constance,S,Lally,Ms.,42,101.6,154
Kimberly,P,Bair,Ms.,67,55.7,165
Ruth,D,Suarez,Ms.,21,52.8,173
Tanya,R,McElroy,Mrs.,74,68.1,158
Alice,M,Brooks,Mrs.,64,66.0,163
Velvet,R,Britton,Mrs.,41,56.6,167
Ismael,H,King,Mr.,47,105.3,177
Jeanine,J,Albarado,Ms.,56,90.9,173
Jessica,F,Morgan,Ms.,39,101.6,170
Steven,G,Wolf,Mr.,49,82.2,183
Alice,D,Smith,Mrs.,79,50.6,161
Lloyd,M,Casey,Mr.,28,99.6,173
Peter,L,Fox,Mr.,41,83.8,169
Thelma,J,Sherrill,Ms.,53,99.0,157
Frederick,M,Wilson,Mr.,36,63.2,177
Mary,N,Phillips,Dr.,79,99.3,168
Angela,P,Lockett,Ms.,63,65.3,159
Caridad,P,Phillips,Ms.,54,78.5,168
Allison,M,Johnson,Dr.,39,62.4,159
Jennifer,M,Noonan,Mrs.,77,106.6,160
Charles,D,Thompson,Mr.,74,90.4,176
Pamela,S,Steward,Mrs.,62,81.4,153
Kenny,G,Engelke,Mr.,28,82.0,177
Eric,M,Harris,Mr.,57,68.0,174
Paul,V,Brizendine,Mr.,41,72.5,187
Tina,A,McIntire,Mrs.,49,56.3,172
Ruth,L,Lair,Mrs.,43,73.6,170
Lester,S,Grasser,Mr.,51,101.4,173
Lauren,A,Freese,Mrs.,62,50.4,152
Edward,R,Murphy,Mr.,81,59.1,182
Vicki,D,Adams,Mrs.,36,74.6,174
Latoya,R,Allen,Mrs.,57,82.7,172
Richard,G,Green,Mr.,19,93.4,185
Mark,A,Coke,Mr.,39,90.9,169
Charles,M,Barlow,Mr.,40,75.1,182
Oliver,K,Poitras,Mr.,79,86.2,184
Lawrence,M,Colby,Mr.,19,72.0,170
Gretchen,F,Carlisle,Ms.,82,83.3,164
Doris,M,Sandler,Ms.,21,90.8,164
Roselee,D,Mahoney,Ms.,52,96.4,155
Robert,P,Watts,Mr.,27,106.2,177
Dawna,A,Crews,Mrs.,42,87.8,155
Christina,J,Greenwald,Ms.,27,76.7,155
Rebecca,M,Hang,Ms.,28,96.4,166
Kaylene,E,Snyder,Ms.,58,90.1,152
Scott,L,Gilfillan,Dr.,71,73.5,174
Helen,M,Martinez,Mrs.,26,71.0,164
Rita,W,Miller,Ms.,22,52.7,163
Charles,R,Fox,Mr.,55,112.8,176
Dwight,R,Luz,Mr.,34,111.1,188
Denise,D,Rowan,Ms.,63,57.4,160
Scott,S,Peterson,Mr.,61,111.8,165
Martin,B,Winkler,Mr.,47,115.5,175
Sally,A,Jordan,Ms.,52,100.5,166
Jimmy,G,O'Donnell,Mr.,43,83.9,169
Sharon,E,Perry,Mrs.,69,97.8,157
Justin,G,Walters,Mr.,37,108.1,175
Darren,R,Jones,Mr.,75,87.0,181
Alejandro,S,Cole,Mr.,69,92.0,175
Alfonso,K,Miller,Mr.,25,83.3,189
Christina,L,Navarro,Mrs.,31,96.6,162
Bernice,J,Trout,Ms.,58,53.8,155
Lauren,J,Wynn,Mrs.,81,65.6,162
Elizabeth,E,David,Ms.,60,62.5,173
Luanne,W,Goodall,Dr.,76,104.9,165
Donna,M,Baker,Dr.,36,91.5,157
Wendell,L,French,Mr.,82,98.0,180
Terry,G,Prichard,Mrs.,41,54.4,171
Ethel,C,Jackson,Mrs.,65,72.9,160
Steven,J,Hoover,Mr.,51,103.4,176
Joan,B,Sanders,Ms.,51,69.7,154
Thelma,M,Weaver,Ms.,42,85.6,174
David,D,Boswell,Mr.,42,67.4,187
Kevin,H,Baker,Dr.,80,96.8,164
Rosa,W,Eidson,Ms.,44,56.9,172
Ruth,G,Daniels,Mrs.,34,100.6,163
Shelly,R,Turner,Mrs.,49,62.3,165
Elsie,M,Turnbull,Ms.,41,64.1,164
Juan,T,Quintero,Mr.,21,56.4,175
Joseph,M,Russell,Mr.,50,78.9,167
Constance,T,Grover,Ms.,79,58.7,162
Grant,A,Farrell,Mr.,42,77.0,189
Leah,R,Glasper,Ms.,48,96.4,155
Jeannette,E,Gutman,Ms.,68,60.4,170
Jennifer,E,Harris,Ms.,59,65.1,162
Lucas,B,Richardson,Mr.,34,64.8,190
Elisabeth,J,Lawrence,Ms.,36,52.9,155
Victoria,E,Rivera,Mrs.,26,85.2,171
Ida,D,Williams,Ms.,41,82.2,162
John,M,Hoyt,Mr.,70,70.9,173
Olga,J,Whitaker,Dr.,57,60.8,172
Bryan,R,Mello,Mr.,31,79.1,179
Larisa,P,Bailey,Ms.,53,81.8,153
Rachael,T,Walsh,Ms.,33,94.8,164
Glenda,J,Wilson,Mrs.,29,78.6,169
William,J,McCluskey,Mr.,29,109.0,174
Herbert,D,Paiz,Mr.,42,101.9,182
Marguerite,K,Andrews,Mrs.,31,66.8,160
Jack,B,McCall,Mr.,26,98.9,183
Margaret,J,Callahan,Ms.,51,76.3,170
John,K,Martinez,Dr.,81,67.8,169
David,P,Golden,Mr.,48,88.4,181
Stacy,G,Toliver,Ms.,67,64.5,160
Michael,L,Thomas,Mr.,64,62.7,165
Ryan,J,Leavitt,Mr.,53,82.1,180
Alexander,A,Garcia,Mr.,76,74.2,180
Sheri,M,Duran,Ms.,62,102.4,159
Mary,K,Perez,Ms.,84,93.4,154
David,L,Houghton,Mr.,19,79.7,174
Linda,H,Cunningham,Ms.,46,81.7,166
Elizabeth,S,Ramey,Ms.,43,85.8,173
Gabriel,R,Hewitt,Mr.,62,104.8,169
David,J,Gardner,Mr.,39,106.5,171
Perla,T,Howard,Mrs.,40,68.1,173
David,J,Silva,Mr.,49,81.8,185
Jessica,S,Beverly,Ms.,84,79.3,155
Bret,N,Fruge,Mr.,68,103.0,170
Bobbie,C,Hager,Mr.,40,70.0,184
Ervin,M,Money,Mr.,60,73.3,181
Miguel,E,Samuels,Mr.,42,80.9,175
Christine,R,Jones,Mrs.,31,76.5,167
Thomas,C,Wong,Dr.,76,85.4,163
Dennis,A,Hill,Mr.,23,76.5,179
Jessica,R,Thomas,Ms.,38,52.6,168
William,L,Miller,Mr.,57,91.5,177
Maureen,D,Summers,Ms.,66,68.4,159
Fred,P,Green,Mr.,52,79.0,187
Christopher,B,Carter,Mr.,85,60.0,171
Eric,P,Jones,Mr.,49,98.1,184
Brandon,E,Miller,Mr.,55,111.2,171
Steven,P,Gonzalez,Mr.,65,83.7,179
Jill,S,Harris,Ms.,24,72.2,156
Robert,A,Riley,Mr.,44,113.3,173
Lakisha,D,Knight,Ms.,83,69.4,160
Jose,L,McHugh,Mr.,69,104.7,181
Sandra,J,Miller,Ms.,36,72.7,159
Margaret,R,Marshall,Ms.,30,73.4,159
Eva,J,Mickens,Mrs.,44,65.2,164
William,C,Smith,Mr.,34,109.0,168
Leonora,P,Richardson,Mrs.,75,98.5,152
Walter,M,Creekmore,Mr.,85,91.4,179
Dora,F,Harker,Ms.,54,66.8,165
Steven,A,Davis,Dr.,85,82.3,167
Edward,M,Smith,Mr.,41,101.2,188
Danny,A,Thompson,Mr.,61,83.2,174
Heather,M,Tousignant,Ms.,69,62.5,164
Eunice,D,Blair,Mrs.,68,60.5,152
Grace,H,Walker,Mrs.,44,97.0,173
Susan,C,Gross,Ms.,58,55.6,172
Howard,L,Jacobs,Dr.,48,87.8,181
Laura,J,White,Mrs.,61,76.4,163
Robert,L,Cromer,Mr.,21,71.7,178
Dennis,J,Peralta,Mr.,34,106.5,186
Tonya,A,Baker,Dr.,65,85.7,163
Philip,J,Frady,Mr.,33,64.0,187
Loren,C,Smith,Mr.,77,88.2,175
Rosalie,M,Smith,Mrs.,56,55.5,153
Chad,S,Weber,Mr.,48,77.8,187
Kirsten,S,Mack,Ms.,77,85.1,156
William,S,Webster,Mr.,62,108.8,169
Stella,J,Stewart,Ms.,34,56.5,174
Danny,D,Seymour,Mr.,33,82.0,181
Michael,L,Pulaski,Mr.,46,112.9,169
Billie,M,Labarge,Mr.,58,71.8,176
Patricia,L,Eades,Mrs.,67,93.3,158
Mildred,F,Ayala,Mrs.,30,94.0,162
June,C,Hill,Mrs.,36,63.7,169
Darin,M,Brekke,Mr.,19,72.8,169
Vasiliki,D,Garcia,Dr.,24,63.3,170
Thomas,M,Harris,Mr.,49,82.1,186
Nancy,M,Mohammed,Mrs.,38,93.8,155
Pete,T,Miller,Mr.,52,104.4,173
Rita,J,Bell,Ms.,57,67.0,167
Rodger,P,Parrish,Mr.,71,93.7,179
Justin,S,Simmons,Mr.,30,79.5,174
Charles,B,Norsworthy,Mr.,81,71.3,182
Jacalyn,R,Kellam,Mrs.,35,99.4,172
Dave,D,Stump,Dr.,54,104.6,188
Thomas,H,Mosley,Mr.,35,101.3,189
Stuart,M,Ramos,Mr.,43,75.6,172
Norbert,S,Lynch,Mr.,35,97.8,188
Joseph,S,Heath,Dr.,72,87.6,173
Patricia,S,Griffith,Mrs.,34,72.0,157
Arnita,T,Ferrante,Mrs.,73,76.7,171
Dianna,E,Robinson,Ms.,33,60.8,165
Joyce,D,Norfleet,Ms.,35,66.0,165
Elizabeth,J,Warren,Mrs.,55,74.4,171
Juanita,R,Norton,Ms.,74,79.2,152
Leah,G,White,Ms.,43,75.9,160
John,D,May,Mr.,29,75.5,180
Sarah,E,Amedee,Mrs.,45,60.0,160
Peggy,R,Troupe,Mrs.,50,85.6,157
Victoria,A,Bolt,Ms.,56,72.5,155
Maria,V,Johnson,Mrs.,76,50.8,154
Donald,R,Ogren,Mr.,20,67.2,183
Emily,L,Rodriguez,Mrs.,72,83.5,170
Troy,L,Dix,Mr.,47,93.3,175
Adam,T,Davies,Mr.,28,72.6,180
Shirley,G,Pullum,Ms.,47,55.2,156
Benton,J,Walsh,Mr.,65,65.7,171
Dora,S,Morgan,Ms.,54,68.0,164
Josette,J,Ruff,Ms.,33,90.7,160
Larry,S,Passmore,Mr.,67,83.8,177
Charlotte,L,Archie,Ms.,55,76.0,165
Frank,R,Stipe,Mr.,48,68.2,174
Linda,H,Saunders,Ms.,63,51.2,162
Margaret,R,Schreiner,Mrs.,60,58.3,153
Andrew,K,Jean,Mr.,81,90.0,179
Alice,W,Cosby,Mrs.,38,80.0,155
Socorro,W,Mull,Mrs.,25,62.9,156
Lillian,N,Matheny,Ms.,58,64.7,169
Eileen,W,Gonzales,Ms.,63,88.7,154
Eva,D,McKenna,Ms.,77,68.8,169
Fannie,R,Lozano,Mrs.,41,88.5,170
Raymond,K,Cox,Mr.,23,95.4,182
Mary,T,Bauman,Mrs.,73,84.2,160
Robin,D,Alexander,Mr.,48,69.3,186
Tammy,S,Grubb,Mrs.,75,81.5,155
Joseph,K,Silva,Mr.,41,97.2,171
Eboni,W,Preston,Ms.,50,79.9,160
Nicole,H,McLaurin,Mrs.,40,100.8,157
Kendall,H,Brown,Mr.,63,90.9,186
Dorothy,J,Barnett,Ms.,42,62.5,161
Sally,E,Wallace,Mrs.,23,69.7,167
Elizbeth,E,Cisneros,Mrs.,64,63.4,161
Nancy,G,Christian,Mrs.,56,89.6,161
Mildred,W,Tudor,Mrs.,44,92.0,160
Alfonso,D,Taylor,Mr.,57,66.7,168
Landon,C,Villalobos,Mr.,74,94.7,163
Albert,L,Sides,Mr.,81,69.1,183
John,B,Boston,Mr.,65,86.2,180
Michelle,R,Montgomery,Mrs.,85,82.5,170
Ruby,C,Hernandez,Mrs.,51,102.1,163
Raymond,M,Hall,Mr.,46,72.3,179
Ryan,B,Monaco,Mr.,67,63.2,180
Alberto,A,Taylor,Mr.,65,101.2,175
John,T,Beamer,Mr.,60,103.0,181
Emory,C,Toler,Mr.,71,84.4,172
Raymond,M,Hutton,Mr.,69,71.7,163
Jake,N,Koch,Mr.,32,94.7,169
Carolyn,J,Davis,Mrs.,23,52.1,162
Devin,D,Johnson,Mr.,51,71.0,185
Sally,T,Mitchell,Mrs.,35,58.6,166
Beverly,R,Kwok,Mrs.,68,87.7,154
Henry,E,Aguilar,Mr.,84,97.4,171
Leon,M,Wells,Mr.,57,74.1,166
George,K,Lewellen,Mr.,64,65.3,180
Kathryn,S,Dotson,Ms.,35,102.5,160
Eva,M,Newport,Ms.,41,68.4,163
John,V,Ross,Mr.,49,112.9,172
Mike,A,Bergeron,Mr.,47,94.5,177
Jennifer,J,Thompson,Ms.,70,93.1,169
Kevin,S,Harris,Mr.,38,71.1,174
Janice,K,Massey,Mrs.,56,89.5,153
Janice,C,Crabtree,Ms.,32,73.1,168
Julie,J,O'Connor,Ms.,84,72.5,150
Ann,B,McCormick,Ms.,47,66.5,161
Kristel,M,Allen,Mrs.,31,68.2,175
Eric,L,Frey,Mr.,35,84.4,175
Eric,J,Montano,Mr.,21,82.5,190
Morton,M,Hutson,Mr.,19,61.1,180
Tyler,A,Munguia,Mr.,20,62.5,187
Audrey,W,Porter,Ms.,43,100.6,174
Deborah,J,McCain,Mrs.,83,66.0,170
Melissa,R,Brown,Mrs.,21,71.2,175
Beverly,A,Sandiford,Mrs.,81,81.5,167
Judith,D,Tanner,Ms.,26,94.3,160
Ingeborg,Z,Carter,Mrs.,85,88.9,165
Charles,B,Amato,Mr.,31,88.0,178
Michael,W,Yeh,Mr.,27,64.5,188
Kathryn,J,Chumbley,Ms.,40,56.6,160
Loretta,D,Lewis,Ms.,38,60.9,159
Tony,M,Sullivan,Mr.,46,68.5,169
Christopher,B,Foote,Mr.,78,85.3,182
Nellie,K,Clark,Ms.,76,51.2,157
Mary,L,Weddle,Ms.,21,99.8,159
Nancy,N,Terry,Mrs.,67,74.8,151
Debra,H,Lambright,Mrs.,32,73.3,160
Richard,E,Buda,Mr.,30,107.1,178
Candace,H,Hill,Mrs.,37,102.5,164
Robert,J,Hilson,Mr.,43,101.4,175
Michael,V,Schneider,Mr.,33,94.0,173
Jessica,G,Torres,Mrs.,71,63.1,160
Brian,C,Nelson,Mr.,81,87.5,165
Penny,J,Payan,Mrs.,48,86.9,168
Mary,K,Brown,Mrs.,46,65.7,154
Lauren,A,Mayhew,Mr.,26,109.2,190
Karole,M,Wickham,Ms.,65,92.5,164
Lori,D,Bowe,Mrs.,77,94.5,157
Catherine,F,Rogers,Mrs.,27,65.4,162
Harry,B,Chase,Mr.,78,70.9,171
Adela,M,Piedra,Mrs.,58,92.5,152
Virginia,J,Branson,Ms.,44,83.9,165
Lucille,J,Castillo,Mrs.,71,95.1,170
Renee,M,Congdon,Mrs.,31,53.0,165
Mercedes,D,Knapp,Mrs.,30,88.9,172
Gerald,M,Calkins,Mr.,79,83.2,173
Aaron,C,Campbell,Mr.,78,86.0,179
Jean,J,Maxwell,Mrs.,65,51.9,169
Angel,S,Mansfield,Mrs.,26,69.3,162
William,D,Strickland,Mr.,80,61.7,168
Alma,D,Morales,Ms.,69,78.8,162
Eddy,C,Maloney,Mr.,42,97.1,168
Jose,J,Higgins,Mr.,64,76.7,167
Joan,R,Rocco,Ms.,33,77.3,165
Aubrey,M,Mahn,Mr.,65,97.5,174
Yasmin,C,Starling,Ms.,35,91.7,175
Yolanda,W,Guerrero,Mrs.,83,78.0,151
Robert,C,Reed,Mr.,71,70.0,180
Richard,A,Rawlings,Mr.,70,91.9,166
Chris,R,Thomas,Mr.,54,100.0,187
Stan,V,Mitchell,Mr.,69,68.2,163
Joseph,C,Acosta,Mr.,26,105.7,183
Chana,W,McIlwain,Mrs.,83,65.8,162
Sophia,E,Keys,Mrs.,44,95.3,155
Ricardo,L,Howard,Mr.,39,110.3,185
Michelle,F,Lopez,Ms.,53,85.4,170
Troy,H,Blalock,Mr.,50,90.6,182
Robert,A,Chavez,Dr.,20,76.4,181
Luz,F,Williamson,Ms.,26,79.4,154
Manuel,S,Carswell,Mr.,72,91.8,177
Jennifer,M,Lennon,Mrs.,67,74.3,170
Todd,M,Young,Mr.,31,94.0,179
Sylvia,T,Cannon,Ms.,66,61.5,156
Don,J,Reynolds,Mr.,53,76.3,176
Lorna,G,Conroy,Ms.,44,67.2,157
Mark,P,Rose,Mr.,21,78.5,167
Patricia,S,Moody,Ms.,69,71.5,171
Keith,S,Franks,Mr.,25,85.5,188
Jon,K,Smith,Mr.,29,60.2,178
Cheryl,G,Schneider,Ms.,32,81.0,166
Melissa,W,Vincent,Mrs.,83,57.5,161
Barbara,M,McFarland,Mrs.,54,84.7,162
Jason,C,Greene,Mr.,43,98.1,173
Michael,I,Miller,Mr.,46,103.6,177
John,A,Politte,Mr.,20,71.8,163
John,H,Ly,Mr.,30,73.6,178
Bobbie,C,Mays,Mr.,54,115.2,173
Linda,R,Jones,Mrs.,21,70.9,156
Paul,H,Kent,Mr.,64,81.3,170
Steven,T,Ros,Mr.,71,75.4,175
Ken,K,Ludwig,Mr.,77,66.6,175
Modesto,D,Rose,Mr.,34,96.8,176
Sonya,R,Coleman,Ms.,50,55.2,174
James,P,Silber,Mr.,64,65.9,186
Karen,B,Tibbetts,Ms.,48,103.0,159
Nick,S,Erving,Mr.,27,78.8,189
Vickie,T,Montoya,Mrs.,19,51.0,170
Victor,V,Hoch,Mr.,19,53.0,179
Lillian,T,Rivera,Mrs.,47,86.2,153
Angelita,J,McCoy,Mrs.,49,55.6,170
Donna,P,Waller,Ms.,22,58.7,166
Irene,I,McKelvy,Ms.,59,58.4,161
Shawn,J,Gagnon,Mr.,66,97.3,168
Susan,R,Cornelius,Ms.,83,51.6,151
Robert,L,Charles,Mr.,80,102.6,174
Angelica,R,Sharp,Mrs.,72,56.4,168
Christopher,E,Macha,Mr.,34,100.0,183
Clark,P,Herzog,Mr.,60,82.2,166
Catherine,J,Navarro,Mrs.,22,67.1,172
Rosa,S,Lund,Ms.,54,53.2,167
Timothy,T,Maloney,Mr.,82,71.0,183
Tamika,W,Samuels,Mrs.,34,95.6,175
Monica,R,Donato,Mrs.,45,68.3,164
Nan,E,McKie,Ms.,37,62.4,173
Rosalie,L,Kurland,Mrs.,73,74.6,170
Lucas,M,Vaughn,Mr.,28,95.5,172
Bettyann,S,Williams,Mrs.,24,73.5,175
Brenda,R,Watson,Ms.,31,88.7,167
Willie,T,Ryan,Mr.,74,63.0,177
Phillip,J,McGill,Mr.,33,92.9,178
Jason,H,Hollie,Mr.,34,104.8,171
Juan,J,Bouldin,Mr.,72,98.7,180
Phyllis,Q,Davis,Ms.,40,85.5,172
Evelyn,W,James,Mrs.,24,75.9,165
Christina,W,Keltner,Ms.,53,95.2,162
John,S,Lattimore,Mr.,78,62.0,177
Bert,M,Martinez,Mr.,84,99.5,178
Carolyn,A,Labelle,Mrs.,22,59.5,162
Art,T,Sheffield,Mr.,48,68.9,170
Brenda,G,Blaze,Mrs.,69,51.0,158
Janice,G,McKee,Ms.,41,92.6,161
Terri,T,Beauchamp,Mrs.,45,86.6,157
Michael,K,Cluck,Mr.,84,78.6,172
Randy,G,Norris,Mr.,80,63.2,175
James,D,Summerlin,Mr.,56,68.1,170
Jeannine,D,Collier,Ms.,29,71.0,160
Richard,E,Webb,Mr.,36,68.8,168
Emilia,T,Nowell,Ms.,80,48.2,161
Anna,J,Wilson,Mrs.,75,87.4,170
Jennifer,M,Jones,Ms.,20,71.9,157
Cliff,J,Streater,Mr.,42,91.3,183
Timothy,B,Daugherty,Mr.,36,98.3,173
Matthew,T,Seay,Dr.,31,52.5,157
Della,J,Gard,Mrs.,29,96.6,163
Lucy,R,Howell,Ms.,59,87.7,152
Gordon,J,Potts,Mr.,59,97.5,174
Keith,E,Khan,Mr.,24,107.7,187
Jerry,H,Carter,Mr.,40,71.7,177
Bette,J,Kenyon,Mrs.,76,106.3,156
Sean,D,Medina,Mr.,19,94.5,167
Veronica,A,Carney,Ms.,45,86.9,164
Antoine,R,Allen,Mr.,48,103.9,187
Eric,J,Kelley,Mr.,57,69.6,176
Salvatore,K,Straight,Mr.,19,95.5,187
James,M,Evans,Mr.,20,85.6,165
Connie,B,Marte,Ms.,40,102.3,166
Rodney,V,Williams,Mr.,21,73.9,188
Benjamin,N,Langford,Mr.,76,65.0,166
Edward,G,Canales,Mr.,26,76.7,171
Thelma,R,Jones,Ms.,65,61.2,161
Virginia,D,Chambers,Mrs.,81,50.9,153
Sherry,T,Ornelas,Mrs.,55,84.2,174
Jaime,P,Clark,Mr.,24,78.2,170
Joshua,L,Filson,Mr.,77,65.1,170
Mary,J,Stewart,Mrs.,71,67.6,167
William,R,Ohearn,Mr.,63,74.7,186
Ronald,R,Dunlap,Mr.,36,93.1,182
Joanna,J,Hamlin,Ms.,47,103.6,165
Arthur,J,Stoops,Mr.,43,89.3,170
Zona,R,Miller,Mrs.,65,55.1,171
Emma,R,Sneed,Mrs.,39,63.6,154
Priscilla,J,Frey,Ms.,70,86.4,167
Franchesca,S,Harris,Ms.,73,60.0,160
Joe,J,Greene,Mr.,72,71.6,164
James,B,Lusk,Dr.,68,98.9,176
Addie,A,Pate,Mrs.,42,73.4,160
Betty,R,Leach,Ms.,85,52.5,170
John,L,Deluca,Mr.,64,74.0,179
Blake,B,Zielinski,Mr.,34,83.9,183
Ramon,T,Brannon,Mr.,27,109.2,187
Eugene,L,Frias,Mr.,66,80.5,165
Pamela,W,McCluskey,Ms.,32,82.7,174
Thomas,S,Anderson,Mr.,40,71.8,189
Bette,S,Stewart,Ms.,79,106.0,162
Michael,J,Oates,Mr.,70,94.9,182
Opal,D,Caudill,Ms.,58,91.9,169
Patrica,E,Jone,Mrs.,53,58.4,174
Lee,G,Morales,Mr.,22,92.1,186
Joyce,L,Pickell,Mrs.,80,86.2,163
Jason,M,Partin,Mr.,59,68.9,181
Ali,J,Rouse,Mr.,34,62.4,168
James,T,Todd,Mr.,75,61.2,176
Donald,A,Johnson,Mr.,55,109.7,179
Debbie,J,Mariani,Mrs.,66,85.6,154
John,C,Henderson,Mr.,58,102.6,178
Tony,B,Wetmore,Mr.,74,99.8,167
Nancy,M,Fernandez,Mrs.,37,66.1,155
Ashely,J,Molina,Ms.,77,68.7,165
Jennifer,F,Bates,Dr.,64,56.6,160
William,L,Rucker,Mr.,53,115.1,173
Brian,W,Frank,Mr.,46,73.6,183
Frances,C,Nation,Mrs.,41,87.4,168
James,L,McCrary,Mr.,25,79.7,172
Dorothy,J,Jackson,Mrs.,74,50.1,157
James,J,King,Mr.,67,107.1,183
Grace,J,Adams,Mrs.,26,53.0,158
Warren,J,McLean,Mr.,32,76.9,184
Michael,D,Johnson,Mr.,77,95.8,178
Dawn,A,Bozeman,Mrs.,78,57.2,159
James,R,Shaw,Mr.,38,91.4,179
Jake,D,Li,Mr.,59,76.9,172
Sheila,T,Bowler,Ms.,23,72.5,161
Allen,G,Miracle,Mr.,49,116.0,174
Diane,C,Ibanez,Mrs.,57,69.5,157
Ernest,M,Mills,Mr.,62,66.7,183
Angela,R,Romero,Dr.,54,93.7,172
Donald,E,Coulson,Mr.,61,70.0,165
Charles,W,Brinkley,Mr.,33,62.3,190
Eileen,J,Lane,Mrs.,20,49.4,165
Elizabeth,A,Coleman,Mrs.,51,72.0,174
Carey,S,Long,Mr.,71,82.9,171
Derek,R,Saad,Mr.,76,100.8,163
Teresa,A,Flores,Ms.,41,99.2,159
Hugh,T,Richards,Mr.,81,83.5,170
Jacqueline,E,Clay,Ms.,22,61.8,167
Robert,B,Thacker,Mr.,70,74.5,170
Rita,R,Simoes,Mrs.,21,52.5,166
Heather,D,Altamirano,Ms.,45,73.4,167
Mitchell,S,Barclay,Mr.,43,75.7,182
Enrique,P,Hall,Mr.,65,99.4,168
Pamela,J,Black,Mrs.,83,48.4,150
Roy,D,Garrett,Mr.,53,76.5,183
Richard,L,Richards,Mr.,44,89.5,168
Arthur,L,Starr,Mr.,29,67.8,190
Nicholas,M,Humphries,Mr.,62,77.6,181
Lasandra,J,Todd,Ms.,64,63.8,152
Charles,D,Redmond,Mr.,44,84.1,180
Paul,S,Decamp,Mr.,53,67.9,188
Mike,J,Lawrence,Mr.,82,82.5,179
Colleen,M,Bilodeau,Mrs.,69,97.3,160
Cristina,P,Bunch,Ms.,83,65.4,170
James,L,Bartling,Mr.,35,105.7,173
Casey,C,Look,Ms.,80,107.2,166
Andrea,R,Laramie,Ms.,83,48.2,167
Joseph,M,Kinslow,Mr.,65,71.1,166
Robert,T,Lindenberg,Mr.,72,96.3,175
Reinaldo,M,Bivona,Mr.,36,100.8,174
Nichole,S,Kim,Ms.,62,97.5,157
Teresa,T,Ramos,Ms.,55,83.9,154
Michelle,C,Deshields,Ms.,57,71.5,164
Derek,P,Bostick,Mr.,46,95.7,178
Sherman,M,Johnson,Mr.,27,65.9,179
Frank,B,Ibarra,Mr.,41,103.7,188
Tawnya,B,Watts,Ms.,68,78.1,160
Agatha,M,Major,Ms.,48,102.1,160
Jessica,T,Huhn,Mrs.,53,56.6,168
Roberto,T,Douthit,Mr.,55,77.6,167
Mark,T,Roldan,Mr.,26,73.5,176
Margarita,P,Gutierrez,Ms.,46,67.2,171
Carolyn,R,Shelton,Mrs.,83,91.7,161
Gregorio,C,Ray,Mr.,35,80.2,176
Karen,N,Davis,Ms.,39,55.0,155
Marcus,H,Wright,Mr.,41,116.5,185
Howard,F,Etienne,Mr.,60,92.4,173
Minnie,J,Mann,Mrs.,76,77.5,168
Jody,M,Craig,Mr.,35,65.9,173
Ramona,L,Howard,Mrs.,56,56.1,170
Charles,S,McCormick,Mr.,68,69.2,165
Lisa,C,Patrick,Mrs.,84,94.7,161
Christopher,N,Eaglin,Mr.,23,76.5,168
Eric,S,Nelson,Mr.,76,81.3,179
Milton,M,Labounty,Mr.,82,66.6,163
Benny,D,Diaz,Mr.,22,107.7,186
Joshua,S,Helton,Mr.,73,95.4,169
Thomas,E,Wilson,Mr.,28,71.0,188
Cheryl,J,Edington,Ms.,64,99.6,172
Agustin,T,Matthew,Mr.,75,69.8,169
Noel,L,Foster,Mr.,82,64.2,175
Jamie,A,Creager,Ms.,69,96.8,155
Frank,C,Low,Mr.,22,75.5,177
Gerard,J,Cho,Mr.,36,93.7,186
Donald,L,Terrones,Mr.,19,57.4,164
Ali,E,Rucker,Mr.,31,86.9,185
Lilli,M,Dawson,Mrs.,72,66.4,168
Lise,T,Devine,Mrs.,43,103.4,154
Ruby,J,Fabian,Mrs.,41,79.3,171
Geneva,B,Skiles,Ms.,83,72.8,167
Meredith,D,Garrett,Mrs.,82,54.7,161
James,A,Hoffman,Mr.,23,96.7,184
Robin,J,Mendez,Mrs.,84,57.1,158
Michael,L,Branscome,Mr.,57,84.6,176
Debra,A,Goodman,Ms.,51,78.7,153
Matt,S,Williams,Mr.,32,68.9,170
Patrick,K,Emerson,Mr.,81,90.1,167
Randy,A,Cunningham,Mr.,79,87.8,184
Kyle,F,Guzman,Mr.,19,61.1,173
Marilyn,M,Thompson,Ms.,75,77.5,162
Samuel,E,Addis,Mr.,20,72.0,171
Carlo,G,Rains,Mr.,51,79.1,188
Mary,D,Peralta,Mrs.,59,65.9,172
Alma,J,Barrick,Ms.,85,86.4,154
April,J,Hansen,Ms.,56,93.7,171
Benjamin,M,Levinson,Mr.,26,110.9,182
Clyde,J,Nevins,Mr.,65,105.6,178
Adam,S,Santiago,Mr.,63,95.0,174
Pamela,M,Knutson,Ms.,81,74.5,155
Jerry,S,Foster,Mr.,71,76.0,171
Tina,F,Goebel,Ms.,39,91.7,160
Mary,D,Bryan,Mrs.,58,53.4,160
Chloe,C,Adams,Mrs.,41,85.4,166
Beulah,J,Thompson,Mrs.,56,100.5,169
Aida,T,Krug,Mrs.,41,89.1,154
Carole,S,Trombly,Ms.,70,88.8,169
Douglas,M,Balch,Mr.,26,94.3,187
Mark,O,Clay,Mr.,39,78.4,181
Keith,J,Freeman,Mr.,55,112.3,169
Esperanza,C,Cunningham,Mrs.,55,77.3,168
James,C,Dingle,Mr.,25,78.4,170
Tracey,R,Johnson,Ms.,65,53.2,163
Clarence,T,Smith,Mr.,28,81.4,177
Diana,M,Riley,Mrs.,84,59.7,162
Thomas,M,Fenimore,Mr.,71,75.7,165
Paul,C,Silva,Mr.,82,73.7,162
Mary,H,Mercado,Mrs.,57,82.5,155
Ryan,N,Bain,Mr.,78,59.8,181
Rex,W,Tengan,Mr.,67,104.3,184
Carolyn,C,Ketchum,Ms.,19,59.8,153
Wm,A,Lish,Mr.,47,89.6,183
Cynthia,M,Smith,Ms.,52,100.5,162
Matthew,M,Paul,Mr.,51,72.0,186
Miles,C,Hall,Mr.,52,81.5,181
Joyce,G,Glines,Mrs.,41,63.2,163
Suzanne,J,Tyrrell,Ms.,28,85.8,171
Julie,G,Shelly,Mrs.,41,89.4,172
Christopher,P,Corcoran,Mr.,20,59.1,185
Lonnie,B,Linder,Mr.,24,62.6,170
Crystal,S,Armstrong,Mrs.,57,63.7,152
Carol,F,Hoffman,Dr.,62,57.9,157
Nell,F,Heng,Ms.,65,93.9,161
April,R,Murphy,Ms.,38,56.7,162
Linda,G,Buchanan,Ms.,49,73.5,166
Victoria,J,Anderson,Ms.,70,79.9,163
Judith,N,Bailey,Ms.,22,75.2,155
Mary,R,McMurray,Mrs.,43,88.1,154
Donna,J,Herndon,Mrs.,75,90.4,164
Mickey,N,Miller,Mr.,61,99.7,180
Susie,J,Couch,Mrs.,45,99.5,156
William,M,Ramey,Mr.,24,60.0,186
Sarah,G,Green,Mrs.,31,95.7,162
Mildred,D,Hermann,Mrs.,28,81.9,170
Daniel,J,West,Mr.,69,90.9,169
Thelma,L,Metzger,Mrs.,84,85.8,159
Gracie,L,Gambino,Mrs.,29,76.8,164
Coletta,C,Wallace,Mrs.,33,64.6,173
Debra,W,Carnes,Mrs.,72,71.2,156
Scott,E,Smith,Mr.,63,96.8,178
Mary,M,Harris,Ms.,37,49.5,163
Dwayne,G,Blay,Mr.,77,80.1,183
Jay,S,Stevenson,Mr.,83,102.5,172
Deanna,L,Avery,Mrs.,24,75.6,171
Luis,P,Smith,Mr.,32,81.9,178
Stacey,V,Townsend,Mr.,77,63.8,173
Georgia,R,Scruggs,Ms.,38,86.2,173
Robert,L,Washington,Mr.,80,85.9,172
Claudia,J,Peters,Ms.,77,68.3,161
John,K,Taylor,Mr.,67,67.5,166
Carrie,M,Gee,Mrs.,74,76.3,158
Peggy,L,Best,Ms.,51,93.5,170
Katherine,M,Tyson,Ms.,40,89.6,160
Fred,M,Chestnut,Mr.,36,78.4,184
Sam,J,Creekmore,Mr.,38,106.0,172
Louis,V,Bock,Mr.,23,67.0,187
Janice,D,Marchese,Mrs.,83,77.7,162
Michael,R,Horne,Mr.,43,93.2,179
Charles,M,Triggs,Mr.,70,75.4,170
Virginia,S,Wellman,Mrs.,30,57.9,154
Della,A,Carpenter,Mrs.,37,49.9,157
Ora,D,Burnett,Mrs.,51,94.3,165
Otis,L,Brown,Mr.,61,106.3,181
Elliot,B,Tinker,Mr.,80,65.2,171
Dora,J,Ochoa,Ms.,75,64.5,167
Juanita,J,Schwarz,Ms.,53,91.0,170
Elizabeth,J,Mills,Mrs.,46,81.3,157
Alicia,J,Washington,Mrs.,66,77.9,166
Jeremy,L,Saunders,Mr.,38,106.7,180
James,P,Daley,Mr.,27,66.1,187
Joshua,H,Wang,Mr.,25,102.6,185
Matilda,J,Addy,Mrs.,44,73.3,168
Ray,A,Prince,Mr.,69,67.5,178
Michael,C,Navarro,Mr.,44,75.2,179
Denise,E,Jacobsen,Mrs.,33,85.5,154
Denise,T,Luman,Mrs.,72,67.0,157
Robert,K,Hays,Dr.,31,102.0,181
Domingo,M,Penn,Mr.,32,111.3,176
James,I,Salazar,Mr.,73,75.6,164
Viola,A,Ford,Mrs.,77,87.5,165
Jennifer,W,Rangel,Ms.,51,82.2,159
Maria,J,Steele,Ms.,65,60.1,158
Curtis,V,Puma,Mr.,65,99.3,172
Sandra,E,Early,Ms.,80,71.4,154
Carol,J,Odom,Mrs.,38,51.2,155
Laura,M,Garcia,Mrs.,54,60.8,163
Janene,F,Snell,Mrs.,85,92.0,170
Edward,N,Milner,Mr.,30,70.3,177
Paul,A,Brewer,Mr.,21,101.1,187
Roy,A,Henderson,Mr.,60,113.2,184
David,S,Cowan,Mr.,34,63.1,188
Dennis,P,Davis,Mr.,32,93.2,174
Emmett,N,Rizzo,Mr.,37,75.8,175
Thelma,F,Parker,Ms.,52,79.6,172
Joseph,K,Mack,Mr.,67,107.5,167
Melanie,D,Barry,Mrs.,79,58.4,155
Thomas,R,Henderson,Mr.,23,105.6,173
Betty,A,Murphy,Mrs.,38,84.4,157
Kristen,S,Myers,Mrs.,68,97.1,166
Roseanne,R,Sweeney,Ms.,23,86.6,169
John,B,Pinckney,Mr.,47,68.2,179
Barbara,J,Glover,Ms.,46,88.7,165
Tamara,R,Edwards,Mrs.,68,80.7,159
Judy,C,McClary,Mrs.,53,55.2,155
Shane,M,Johnson,Ms.,34,95.1,163
Verena,C,Evans,Ms.,63,100.8,159
